"filename", "language", "HTML", "JavaScript", "Python", "CSS", "XML", "Markdown", "JSON", "YAML", "SCSS", "Properties", "SQL", "Docker", "Java", "Shell Script", "Java Properties", "comment", "blank", "total"
"c:\Users\jie\Desktop\Fruit_Tree_Diseases_and_Pests_Expert_System\.idea\Fruit_Tree_Diseases_and_Pests_Expert_System.iml", "XML", 0, 0, 0, 0, 8, 0, 0, 0, 0, 0, 0, 0, 0, 0, 0, 0, 0, 8
"c:\Users\jie\Desktop\Fruit_Tree_Diseases_and_Pests_Expert_System\.idea\encodings.xml", "XML", 0, 0, 0, 0, 4, 0, 0, 0, 0, 0, 0, 0, 0, 0, 0, 0, 0, 4
"c:\Users\jie\Desktop\Fruit_Tree_Diseases_and_Pests_Expert_System\.idea\inspectionProfiles\Project_Default.xml", "XML", 0, 0, 0, 0, 14, 0, 0, 0, 0, 0, 0, 0, 0, 0, 0, 0, 0, 14
"c:\Users\jie\Desktop\Fruit_Tree_Diseases_and_Pests_Expert_System\.idea\inspectionProfiles\profiles_settings.xml", "XML", 0, 0, 0, 0, 6, 0, 0, 0, 0, 0, 0, 0, 0, 0, 0, 0, 0, 6
"c:\Users\jie\Desktop\Fruit_Tree_Diseases_and_Pests_Expert_System\.idea\misc.xml", "XML", 0, 0, 0, 0, 4, 0, 0, 0, 0, 0, 0, 0, 0, 0, 0, 0, 0, 4
"c:\Users\jie\Desktop\Fruit_Tree_Diseases_and_Pests_Expert_System\.idea\modules.xml", "XML", 0, 0, 0, 0, 8, 0, 0, 0, 0, 0, 0, 0, 0, 0, 0, 0, 0, 8
"c:\Users\jie\Desktop\Fruit_Tree_Diseases_and_Pests_Expert_System\.idea\vcs.xml", "XML", 0, 0, 0, 0, 7, 0, 0, 0, 0, 0, 0, 0, 0, 0, 0, 0, 0, 7
"c:\Users\jie\Desktop\Fruit_Tree_Diseases_and_Pests_Expert_System\Expert_System\.github\ISSUE_TEMPLATE\ISSUE_TEMPLATE_BUG.md", "Markdown", 0, 0, 0, 0, 0, 8, 0, 0, 0, 0, 0, 0, 0, 0, 0, 0, 13, 21
"c:\Users\jie\Desktop\Fruit_Tree_Diseases_and_Pests_Expert_System\Expert_System\.github\ISSUE_TEMPLATE\ISSUE_TEMPLATE_PULL_REQUEST.md", "Markdown", 0, 0, 0, 0, 0, 8, 0, 0, 0, 0, 0, 0, 0, 0, 0, 0, 13, 21
"c:\Users\jie\Desktop\Fruit_Tree_Diseases_and_Pests_Expert_System\Expert_System\.github\ISSUE_TEMPLATE\ISSUE_TEMPLATE_SUGGESTION.md", "Markdown", 0, 0, 0, 0, 0, 6, 0, 0, 0, 0, 0, 0, 0, 0, 0, 0, 10, 16
"c:\Users\jie\Desktop\Fruit_Tree_Diseases_and_Pests_Expert_System\Expert_System\Dockerfile", "Docker", 0, 0, 0, 0, 0, 0, 0, 0, 0, 0, 0, 8, 0, 0, 0, 0, 1, 9
"c:\Users\jie\Desktop\Fruit_Tree_Diseases_and_Pests_Expert_System\Expert_System\README.en.md", "Markdown", 0, 0, 0, 0, 0, 25, 0, 0, 0, 0, 0, 0, 0, 0, 0, 0, 12, 37
"c:\Users\jie\Desktop\Fruit_Tree_Diseases_and_Pests_Expert_System\Expert_System\README.md", "Markdown", 0, 0, 0, 0, 0, 95, 0, 0, 0, 0, 0, 0, 0, 0, 0, 0, 21, 116
"c:\Users\jie\Desktop\Fruit_Tree_Diseases_and_Pests_Expert_System\Expert_System\pom.xml", "XML", 0, 0, 0, 0, 223, 0, 0, 0, 0, 0, 0, 0, 0, 0, 0, 26, 27, 276
"c:\Users\jie\Desktop\Fruit_Tree_Diseases_and_Pests_Expert_System\Expert_System\smpe-admin.conf", "Properties", 0, 0, 0, 0, 0, 0, 0, 0, 0, 34, 0, 0, 0, 0, 0, 10, 12, 56
"c:\Users\jie\Desktop\Fruit_Tree_Diseases_and_Pests_Expert_System\Expert_System\smpe-admin.sh", "Shell Script", 0, 0, 0, 0, 0, 0, 0, 0, 0, 0, 0, 0, 0, 112, 0, 27, 21, 160
"c:\Users\jie\Desktop\Fruit_Tree_Diseases_and_Pests_Expert_System\Expert_System\smpe-common\pom.xml", "XML", 0, 0, 0, 0, 126, 0, 0, 0, 0, 0, 0, 0, 0, 0, 0, 25, 23, 174
"c:\Users\jie\Desktop\Fruit_Tree_Diseases_and_Pests_Expert_System\Expert_System\smpe-common\src\main\java\marchsoft\annotation\AnonymousAccess.java", "Java", 0, 0, 0, 0, 0, 0, 0, 0, 0, 0, 0, 0, 8, 0, 0, 6, 4, 18
"c:\Users\jie\Desktop\Fruit_Tree_Diseases_and_Pests_Expert_System\Expert_System\smpe-common\src\main\java\marchsoft\annotation\Limit.java", "Java", 0, 0, 0, 0, 0, 0, 0, 0, 0, 0, 0, 0, 16, 0, 0, 12, 11, 39
"c:\Users\jie\Desktop\Fruit_Tree_Diseases_and_Pests_Expert_System\Expert_System\smpe-common\src\main\java\marchsoft\annotation\Queries.java", "Java", 0, 0, 0, 0, 0, 0, 0, 0, 0, 0, 0, 0, 8, 0, 0, 10, 5, 23
"c:\Users\jie\Desktop\Fruit_Tree_Diseases_and_Pests_Expert_System\Expert_System\smpe-common\src\main\java\marchsoft\annotation\Query.java", "Java", 0, 0, 0, 0, 0, 0, 0, 0, 0, 0, 0, 0, 11, 0, 0, 14, 6, 31
"c:\Users\jie\Desktop\Fruit_Tree_Diseases_and_Pests_Expert_System\Expert_System\smpe-common\src\main\java\marchsoft\annotation\rest\AnonymousDeleteMapping.java", "Java", 0, 0, 0, 0, 0, 0, 0, 0, 0, 0, 0, 0, 27, 0, 0, 6, 12, 45
"c:\Users\jie\Desktop\Fruit_Tree_Diseases_and_Pests_Expert_System\Expert_System\smpe-common\src\main\java\marchsoft\annotation\rest\AnonymousGetMapping.java", "Java", 0, 0, 0, 0, 0, 0, 0, 0, 0, 0, 0, 0, 27, 0, 0, 29, 12, 68
"c:\Users\jie\Desktop\Fruit_Tree_Diseases_and_Pests_Expert_System\Expert_System\smpe-common\src\main\java\marchsoft\annotation\rest\AnonymousPostMapping.java", "Java", 0, 0, 0, 0, 0, 0, 0, 0, 0, 0, 0, 0, 27, 0, 0, 27, 12, 66
"c:\Users\jie\Desktop\Fruit_Tree_Diseases_and_Pests_Expert_System\Expert_System\smpe-common\src\main\java\marchsoft\annotation\rest\AnonymousPutMapping.java", "Java", 0, 0, 0, 0, 0, 0, 0, 0, 0, 0, 0, 0, 27, 0, 0, 27, 12, 66
"c:\Users\jie\Desktop\Fruit_Tree_Diseases_and_Pests_Expert_System\Expert_System\smpe-common\src\main\java\marchsoft\aspect\LimitAspect.java", "Java", 0, 0, 0, 0, 0, 0, 0, 0, 0, 0, 0, 0, 73, 0, 0, 9, 10, 92
"c:\Users\jie\Desktop\Fruit_Tree_Diseases_and_Pests_Expert_System\Expert_System\smpe-common\src\main\java\marchsoft\aspect\MybatisAspectj.java", "Java", 0, 0, 0, 0, 0, 0, 0, 0, 0, 0, 0, 0, 25, 0, 0, 20, 6, 51
"c:\Users\jie\Desktop\Fruit_Tree_Diseases_and_Pests_Expert_System\Expert_System\smpe-common\src\main\java\marchsoft\aspect\QueryAspect.java", "Java", 0, 0, 0, 0, 0, 0, 0, 0, 0, 0, 0, 0, 110, 0, 0, 38, 7, 155
"c:\Users\jie\Desktop\Fruit_Tree_Diseases_and_Pests_Expert_System\Expert_System\smpe-common\src\main\java\marchsoft\base\BaseDTO.java", "Java", 0, 0, 0, 0, 0, 0, 0, 0, 0, 0, 0, 0, 16, 0, 0, 10, 10, 36
"c:\Users\jie\Desktop\Fruit_Tree_Diseases_and_Pests_Expert_System\Expert_System\smpe-common\src\main\java\marchsoft\base\BaseMapStruct.java", "Java", 0, 0, 0, 0, 0, 0, 0, 0, 0, 0, 0, 0, 8, 0, 0, 30, 6, 44
"c:\Users\jie\Desktop\Fruit_Tree_Diseases_and_Pests_Expert_System\Expert_System\smpe-common\src\main\java\marchsoft\base\BasicMapper.java", "Java", 0, 0, 0, 0, 0, 0, 0, 0, 0, 0, 0, 0, 7, 0, 0, 16, 6, 29
"c:\Users\jie\Desktop\Fruit_Tree_Diseases_and_Pests_Expert_System\Expert_System\smpe-common\src\main\java\marchsoft\base\BasicModel.java", "Java", 0, 0, 0, 0, 0, 0, 0, 0, 0, 0, 0, 0, 53, 0, 0, 26, 13, 92
"c:\Users\jie\Desktop\Fruit_Tree_Diseases_and_Pests_Expert_System\Expert_System\smpe-common\src\main\java\marchsoft\base\BasicServiceImpl.java", "Java", 0, 0, 0, 0, 0, 0, 0, 0, 0, 0, 0, 0, 19, 0, 0, 25, 8, 52
"c:\Users\jie\Desktop\Fruit_Tree_Diseases_and_Pests_Expert_System\Expert_System\smpe-common\src\main\java\marchsoft\base\IBasicService.java", "Java", 0, 0, 0, 0, 0, 0, 0, 0, 0, 0, 0, 0, 6, 0, 0, 16, 7, 29
"c:\Users\jie\Desktop\Fruit_Tree_Diseases_and_Pests_Expert_System\Expert_System\smpe-common\src\main\java\marchsoft\base\PageVO.java", "Java", 0, 0, 0, 0, 0, 0, 0, 0, 0, 0, 0, 0, 49, 0, 0, 35, 12, 96
"c:\Users\jie\Desktop\Fruit_Tree_Diseases_and_Pests_Expert_System\Expert_System\smpe-common\src\main\java\marchsoft\config\GlobalCorsConfig.java", "Java", 0, 0, 0, 0, 0, 0, 0, 0, 0, 0, 0, 0, 27, 0, 0, 14, 4, 45
"c:\Users\jie\Desktop\Fruit_Tree_Diseases_and_Pests_Expert_System\Expert_System\smpe-common\src\main\java\marchsoft\config\JacksonCustomizerConfig.java", "Java", 0, 0, 0, 0, 0, 0, 0, 0, 0, 0, 0, 0, 67, 0, 0, 42, 10, 119
"c:\Users\jie\Desktop\Fruit_Tree_Diseases_and_Pests_Expert_System\Expert_System\smpe-common\src\main\java\marchsoft\config\PermissionConfig.java", "Java", 0, 0, 0, 0, 0, 0, 0, 0, 0, 0, 0, 0, 15, 0, 0, 14, 5, 34
"c:\Users\jie\Desktop\Fruit_Tree_Diseases_and_Pests_Expert_System\Expert_System\smpe-common\src\main\java\marchsoft\config\RedisConfig.java", "Java", 0, 0, 0, 0, 0, 0, 0, 0, 0, 0, 0, 0, 143, 0, 0, 36, 24, 203
"c:\Users\jie\Desktop\Fruit_Tree_Diseases_and_Pests_Expert_System\Expert_System\smpe-common\src\main\java\marchsoft\config\SwaggerConfig.java", "Java", 0, 0, 0, 0, 0, 0, 0, 0, 0, 0, 0, 0, 87, 0, 0, 6, 16, 109
"c:\Users\jie\Desktop\Fruit_Tree_Diseases_and_Pests_Expert_System\Expert_System\smpe-common\src\main\java\marchsoft\config\bean\AsyncTaskProperties.java", "Java", 0, 0, 0, 0, 0, 0, 0, 0, 0, 0, 0, 0, 13, 0, 0, 9, 7, 29
"c:\Users\jie\Desktop\Fruit_Tree_Diseases_and_Pests_Expert_System\Expert_System\smpe-common\src\main\java\marchsoft\config\bean\FileProperties.java", "Java", 0, 0, 0, 0, 0, 0, 0, 0, 0, 0, 0, 0, 12, 0, 0, 9, 7, 28
"c:\Users\jie\Desktop\Fruit_Tree_Diseases_and_Pests_Expert_System\Expert_System\smpe-common\src\main\java\marchsoft\config\bean\RsaProperties.java", "Java", 0, 0, 0, 0, 0, 0, 0, 0, 0, 0, 0, 0, 13, 0, 0, 6, 5, 24
"c:\Users\jie\Desktop\Fruit_Tree_Diseases_and_Pests_Expert_System\Expert_System\smpe-common\src\main\java\marchsoft\config\bean\SwaggerProperties.java", "Java", 0, 0, 0, 0, 0, 0, 0, 0, 0, 0, 0, 0, 14, 0, 0, 11, 9, 34
"c:\Users\jie\Desktop\Fruit_Tree_Diseases_and_Pests_Expert_System\Expert_System\smpe-common\src\main\java\marchsoft\config\mybatisplus\CachingInterceptor.java", "Java", 0, 0, 0, 0, 0, 0, 0, 0, 0, 0, 0, 0, 129, 0, 0, 31, 13, 173
"c:\Users\jie\Desktop\Fruit_Tree_Diseases_and_Pests_Expert_System\Expert_System\smpe-common\src\main\java\marchsoft\config\mybatisplus\MybatisPlusConfig.java", "Java", 0, 0, 0, 0, 0, 0, 0, 0, 0, 0, 0, 0, 19, 0, 0, 27, 7, 53
"c:\Users\jie\Desktop\Fruit_Tree_Diseases_and_Pests_Expert_System\Expert_System\smpe-common\src\main\java\marchsoft\config\mybatisplus\MybatisPlusFieldFillHandler.java", "Java", 0, 0, 0, 0, 0, 0, 0, 0, 0, 0, 0, 0, 28, 0, 0, 26, 8, 62
"c:\Users\jie\Desktop\Fruit_Tree_Diseases_and_Pests_Expert_System\Expert_System\smpe-common\src\main\java\marchsoft\config\mybatisplus\MybatisRedisCache.java", "Java", 0, 0, 0, 0, 0, 0, 0, 0, 0, 0, 0, 0, 96, 0, 0, 12, 16, 124
"c:\Users\jie\Desktop\Fruit_Tree_Diseases_and_Pests_Expert_System\Expert_System\smpe-common\src\main\java\marchsoft\config\thread\AsyncTaskExecutePool.java", "Java", 0, 0, 0, 0, 0, 0, 0, 0, 0, 0, 0, 0, 37, 0, 0, 31, 9, 77
"c:\Users\jie\Desktop\Fruit_Tree_Diseases_and_Pests_Expert_System\Expert_System\smpe-common\src\main\java\marchsoft\config\thread\TheadFactoryName.java", "Java", 0, 0, 0, 0, 0, 0, 0, 0, 0, 0, 0, 0, 30, 0, 0, 8, 8, 46
"c:\Users\jie\Desktop\Fruit_Tree_Diseases_and_Pests_Expert_System\Expert_System\smpe-common\src\main\java\marchsoft\enums\BaseMapperMethodEnum.java", "Java", 0, 0, 0, 0, 0, 0, 0, 0, 0, 0, 0, 0, 15, 0, 0, 10, 9, 34
"c:\Users\jie\Desktop\Fruit_Tree_Diseases_and_Pests_Expert_System\Expert_System\smpe-common\src\main\java\marchsoft\enums\DataScopeEnum.java", "Java", 0, 0, 0, 0, 0, 0, 0, 0, 0, 0, 0, 0, 20, 0, 0, 11, 9, 40
"c:\Users\jie\Desktop\Fruit_Tree_Diseases_and_Pests_Expert_System\Expert_System\smpe-common\src\main\java\marchsoft\enums\LimitType.java", "Java", 0, 0, 0, 0, 0, 0, 0, 0, 0, 0, 0, 0, 5, 0, 0, 8, 2, 15
"c:\Users\jie\Desktop\Fruit_Tree_Diseases_and_Pests_Expert_System\Expert_System\smpe-common\src\main\java\marchsoft\enums\RequestMethodEnum.java", "Java", 0, 0, 0, 0, 0, 0, 0, 0, 0, 0, 0, 0, 22, 0, 0, 27, 11, 60
"c:\Users\jie\Desktop\Fruit_Tree_Diseases_and_Pests_Expert_System\Expert_System\smpe-common\src\main\java\marchsoft\enums\ResultEnum.java", "Java", 0, 0, 0, 0, 0, 0, 0, 0, 0, 0, 0, 0, 61, 0, 0, 48, 24, 133
"c:\Users\jie\Desktop\Fruit_Tree_Diseases_and_Pests_Expert_System\Expert_System\smpe-common\src\main\java\marchsoft\exception\BadRequestException.java", "Java", 0, 0, 0, 0, 0, 0, 0, 0, 0, 0, 0, 0, 19, 0, 0, 6, 9, 34
"c:\Users\jie\Desktop\Fruit_Tree_Diseases_and_Pests_Expert_System\Expert_System\smpe-common\src\main\java\marchsoft\exception\handler\GlobalExceptionHandler.java", "Java", 0, 0, 0, 0, 0, 0, 0, 0, 0, 0, 0, 0, 44, 0, 0, 40, 9, 93
"c:\Users\jie\Desktop\Fruit_Tree_Diseases_and_Pests_Expert_System\Expert_System\smpe-common\src\main\java\marchsoft\injector\MyLogicSqlInjector.java", "Java", 0, 0, 0, 0, 0, 0, 0, 0, 0, 0, 0, 0, 13, 0, 0, 12, 6, 31
"c:\Users\jie\Desktop\Fruit_Tree_Diseases_and_Pests_Expert_System\Expert_System\smpe-common\src\main\java\marchsoft\injector\method\InsertAllBatch.java", "Java", 0, 0, 0, 0, 0, 0, 0, 0, 0, 0, 0, 0, 41, 0, 0, 28, 8, 77
"c:\Users\jie\Desktop\Fruit_Tree_Diseases_and_Pests_Expert_System\Expert_System\smpe-common\src\main\java\marchsoft\response\Result.java", "Java", 0, 0, 0, 0, 0, 0, 0, 0, 0, 0, 0, 0, 26, 0, 0, 54, 14, 94
"c:\Users\jie\Desktop\Fruit_Tree_Diseases_and_Pests_Expert_System\Expert_System\smpe-common\src\main\java\marchsoft\utils\CacheKey.java", "Java", 0, 0, 0, 0, 0, 0, 0, 0, 0, 0, 0, 0, 21, 0, 0, 30, 4, 55
"c:\Users\jie\Desktop\Fruit_Tree_Diseases_and_Pests_Expert_System\Expert_System\smpe-common\src\main\java\marchsoft\utils\CallBack.java", "Java", 0, 0, 0, 0, 0, 0, 0, 0, 0, 0, 0, 0, 7, 0, 0, 8, 3, 18
"c:\Users\jie\Desktop\Fruit_Tree_Diseases_and_Pests_Expert_System\Expert_System\smpe-common\src\main\java\marchsoft\utils\DateUtil.java", "Java", 0, 0, 0, 0, 0, 0, 0, 0, 0, 0, 0, 0, 46, 0, 0, 83, 17, 146
"c:\Users\jie\Desktop\Fruit_Tree_Diseases_and_Pests_Expert_System\Expert_System\smpe-common\src\main\java\marchsoft\utils\EncryptUtils.java", "Java", 0, 0, 0, 0, 0, 0, 0, 0, 0, 0, 0, 0, 25, 0, 0, 32, 9, 66
"c:\Users\jie\Desktop\Fruit_Tree_Diseases_and_Pests_Expert_System\Expert_System\smpe-common\src\main\java\marchsoft\utils\FileUtils.java", "Java", 0, 0, 0, 0, 0, 0, 0, 0, 0, 0, 0, 0, 270, 0, 0, 105, 27, 402
"c:\Users\jie\Desktop\Fruit_Tree_Diseases_and_Pests_Expert_System\Expert_System\smpe-common\src\main\java\marchsoft\utils\MyBeanUtils.java", "Java", 0, 0, 0, 0, 0, 0, 0, 0, 0, 0, 0, 0, 50, 0, 0, 30, 15, 95
"c:\Users\jie\Desktop\Fruit_Tree_Diseases_and_Pests_Expert_System\Expert_System\smpe-common\src\main\java\marchsoft\utils\PageUtil.java", "Java", 0, 0, 0, 0, 0, 0, 0, 0, 0, 0, 0, 0, 79, 0, 0, 73, 14, 166
"c:\Users\jie\Desktop\Fruit_Tree_Diseases_and_Pests_Expert_System\Expert_System\smpe-common\src\main\java\marchsoft\utils\QueryHelp.java", "Java", 0, 0, 0, 0, 0, 0, 0, 0, 0, 0, 0, 0, 0, 0, 0, 222, 1, 223
"c:\Users\jie\Desktop\Fruit_Tree_Diseases_and_Pests_Expert_System\Expert_System\smpe-common\src\main\java\marchsoft\utils\RedisUtils.java", "Java", 0, 0, 0, 0, 0, 0, 0, 0, 0, 0, 0, 0, 361, 0, 0, 298, 53, 712
"c:\Users\jie\Desktop\Fruit_Tree_Diseases_and_Pests_Expert_System\Expert_System\smpe-common\src\main\java\marchsoft\utils\RequestHolder.java", "Java", 0, 0, 0, 0, 0, 0, 0, 0, 0, 0, 0, 0, 10, 0, 0, 13, 6, 29
"c:\Users\jie\Desktop\Fruit_Tree_Diseases_and_Pests_Expert_System\Expert_System\smpe-common\src\main\java\marchsoft\utils\RsaUtils.java", "Java", 0, 0, 0, 0, 0, 0, 0, 0, 0, 0, 0, 0, 110, 0, 0, 59, 21, 190
"c:\Users\jie\Desktop\Fruit_Tree_Diseases_and_Pests_Expert_System\Expert_System\smpe-common\src\main\java\marchsoft\utils\SecurityUtils.java", "Java", 0, 0, 0, 0, 0, 0, 0, 0, 0, 0, 0, 0, 81, 0, 0, 57, 15, 153
"c:\Users\jie\Desktop\Fruit_Tree_Diseases_and_Pests_Expert_System\Expert_System\smpe-common\src\main\java\marchsoft\utils\SmpeAdminConstant.java", "Java", 0, 0, 0, 0, 0, 0, 0, 0, 0, 0, 0, 0, 9, 0, 0, 13, 7, 29
"c:\Users\jie\Desktop\Fruit_Tree_Diseases_and_Pests_Expert_System\Expert_System\smpe-common\src\main\java\marchsoft\utils\SpringContextHolder.java", "Java", 0, 0, 0, 0, 0, 0, 0, 0, 0, 0, 0, 0, 57, 0, 0, 41, 13, 111
"c:\Users\jie\Desktop\Fruit_Tree_Diseases_and_Pests_Expert_System\Expert_System\smpe-common\src\main\java\marchsoft\utils\StringUtils.java", "Java", 0, 0, 0, 0, 0, 0, 0, 0, 0, 0, 0, 0, 149, 0, 0, 43, 25, 217
"c:\Users\jie\Desktop\Fruit_Tree_Diseases_and_Pests_Expert_System\Expert_System\smpe-common\src\main\java\marchsoft\utils\ThreadPoolExecutorUtil.java", "Java", 0, 0, 0, 0, 0, 0, 0, 0, 0, 0, 0, 0, 18, 0, 0, 6, 5, 29
"c:\Users\jie\Desktop\Fruit_Tree_Diseases_and_Pests_Expert_System\Expert_System\smpe-common\src\main\java\marchsoft\utils\ThrowableUtil.java", "Java", 0, 0, 0, 0, 0, 0, 0, 0, 0, 0, 0, 0, 12, 0, 0, 8, 5, 25
"c:\Users\jie\Desktop\Fruit_Tree_Diseases_and_Pests_Expert_System\Expert_System\smpe-common\src\main\java\marchsoft\utils\ValidationUtil.java", "Java", 0, 0, 0, 0, 0, 0, 0, 0, 0, 0, 0, 0, 15, 0, 0, 11, 6, 32
"c:\Users\jie\Desktop\Fruit_Tree_Diseases_and_Pests_Expert_System\Expert_System\smpe-log\pom.xml", "XML", 0, 0, 0, 0, 22, 0, 0, 0, 0, 0, 0, 0, 0, 0, 0, 0, 6, 28
"c:\Users\jie\Desktop\Fruit_Tree_Diseases_and_Pests_Expert_System\Expert_System\smpe-log\src\main\java\marchsoft\annotation\Log.java", "Java", 0, 0, 0, 0, 0, 0, 0, 0, 0, 0, 0, 0, 10, 0, 0, 6, 3, 19
"c:\Users\jie\Desktop\Fruit_Tree_Diseases_and_Pests_Expert_System\Expert_System\smpe-log\src\main\java\marchsoft\aspect\LogAspect.java", "Java", 0, 0, 0, 0, 0, 0, 0, 0, 0, 0, 0, 0, 68, 0, 0, 41, 12, 121
"c:\Users\jie\Desktop\Fruit_Tree_Diseases_and_Pests_Expert_System\Expert_System\smpe-log\src\main\java\marchsoft\config\SysLogConfig.java", "Java", 0, 0, 0, 0, 0, 0, 0, 0, 0, 0, 0, 0, 10, 0, 0, 4, 3, 17
"c:\Users\jie\Desktop\Fruit_Tree_Diseases_and_Pests_Expert_System\Expert_System\smpe-log\src\main\java\marchsoft\controller\SysLogController.java", "Java", 0, 0, 0, 0, 0, 0, 0, 0, 0, 0, 0, 0, 106, 0, 0, 8, 13, 127
"c:\Users\jie\Desktop\Fruit_Tree_Diseases_and_Pests_Expert_System\Expert_System\smpe-log\src\main\java\marchsoft\entity\SysLog.java", "Java", 0, 0, 0, 0, 0, 0, 0, 0, 0, 0, 0, 0, 46, 0, 0, 8, 18, 72
"c:\Users\jie\Desktop\Fruit_Tree_Diseases_and_Pests_Expert_System\Expert_System\smpe-log\src\main\java\marchsoft\entity\bo\SysLogBO.java", "Java", 0, 0, 0, 0, 0, 0, 0, 0, 0, 0, 0, 0, 13, 0, 0, 4, 4, 21
"c:\Users\jie\Desktop\Fruit_Tree_Diseases_and_Pests_Expert_System\Expert_System\smpe-log\src\main\java\marchsoft\entity\dto\SysLogDTO.java", "Java", 0, 0, 0, 0, 0, 0, 0, 0, 0, 0, 0, 0, 18, 0, 0, 4, 16, 38
"c:\Users\jie\Desktop\Fruit_Tree_Diseases_and_Pests_Expert_System\Expert_System\smpe-log\src\main\java\marchsoft\entity\dto\SysLogQueryCriteria.java", "Java", 0, 0, 0, 0, 0, 0, 0, 0, 0, 0, 0, 0, 10, 0, 0, 10, 9, 29
"c:\Users\jie\Desktop\Fruit_Tree_Diseases_and_Pests_Expert_System\Expert_System\smpe-log\src\main\java\marchsoft\enums\SysLogEnum.java", "Java", 0, 0, 0, 0, 0, 0, 0, 0, 0, 0, 0, 0, 16, 0, 0, 9, 8, 33
"c:\Users\jie\Desktop\Fruit_Tree_Diseases_and_Pests_Expert_System\Expert_System\smpe-log\src\main\java\marchsoft\mapper\SysLogMapper.java", "Java", 0, 0, 0, 0, 0, 0, 0, 0, 0, 0, 0, 0, 38, 0, 0, 41, 9, 88
"c:\Users\jie\Desktop\Fruit_Tree_Diseases_and_Pests_Expert_System\Expert_System\smpe-log\src\main\java\marchsoft\service\ISysLogService.java", "Java", 0, 0, 0, 0, 0, 0, 0, 0, 0, 0, 0, 0, 21, 0, 0, 63, 11, 95
"c:\Users\jie\Desktop\Fruit_Tree_Diseases_and_Pests_Expert_System\Expert_System\smpe-log\src\main\java\marchsoft\service\impl\SysSysLogServiceImpl.java", "Java", 0, 0, 0, 0, 0, 0, 0, 0, 0, 0, 0, 0, 154, 0, 0, 85, 19, 258
"c:\Users\jie\Desktop\Fruit_Tree_Diseases_and_Pests_Expert_System\Expert_System\smpe-log\src\main\java\marchsoft\service\mapstruct\SysLogMapStruct.java", "Java", 0, 0, 0, 0, 0, 0, 0, 0, 0, 0, 0, 0, 10, 0, 0, 4, 3, 17
"c:\Users\jie\Desktop\Fruit_Tree_Diseases_and_Pests_Expert_System\Expert_System\smpe-system\pom.xml", "XML", 0, 0, 0, 0, 80, 0, 0, 0, 0, 0, 0, 0, 0, 0, 0, 11, 16, 107
"c:\Users\jie\Desktop\Fruit_Tree_Diseases_and_Pests_Expert_System\Expert_System\smpe-system\src\main\java\marchsoft\AppRun.java", "Java", 0, 0, 0, 0, 0, 0, 0, 0, 0, 0, 0, 0, 27, 0, 0, 14, 8, 49
"c:\Users\jie\Desktop\Fruit_Tree_Diseases_and_Pests_Expert_System\Expert_System\smpe-system\src\main\java\marchsoft\modules\app\controller\IllnessController.java", "Java", 0, 0, 0, 0, 0, 0, 0, 0, 0, 0, 0, 0, 71, 0, 0, 10, 12, 93
"c:\Users\jie\Desktop\Fruit_Tree_Diseases_and_Pests_Expert_System\Expert_System\smpe-system\src\main\java\marchsoft\modules\app\controller\IllnessHotController.java", "Java", 0, 0, 0, 0, 0, 0, 0, 0, 0, 0, 0, 0, 30, 0, 0, 0, 3, 33
"c:\Users\jie\Desktop\Fruit_Tree_Diseases_and_Pests_Expert_System\Expert_System\smpe-system\src\main\java\marchsoft\modules\app\controller\RecordController.java", "Java", 0, 0, 0, 0, 0, 0, 0, 0, 0, 0, 0, 0, 50, 0, 0, 7, 10, 67
"c:\Users\jie\Desktop\Fruit_Tree_Diseases_and_Pests_Expert_System\Expert_System\smpe-system\src\main\java\marchsoft\modules\app\controller\TreeController.java", "Java", 0, 0, 0, 0, 0, 0, 0, 0, 0, 0, 0, 0, 76, 0, 0, 7, 11, 94
"c:\Users\jie\Desktop\Fruit_Tree_Diseases_and_Pests_Expert_System\Expert_System\smpe-system\src\main\java\marchsoft\modules\app\entity\Illness.java", "Java", 0, 0, 0, 0, 0, 0, 0, 0, 0, 0, 0, 0, 44, 0, 0, 8, 16, 68
"c:\Users\jie\Desktop\Fruit_Tree_Diseases_and_Pests_Expert_System\Expert_System\smpe-system\src\main\java\marchsoft\modules\app\entity\Record.java", "Java", 0, 0, 0, 0, 0, 0, 0, 0, 0, 0, 0, 0, 34, 0, 0, 8, 12, 54
"c:\Users\jie\Desktop\Fruit_Tree_Diseases_and_Pests_Expert_System\Expert_System\smpe-system\src\main\java\marchsoft\modules\app\entity\Tree.java", "Java", 0, 0, 0, 0, 0, 0, 0, 0, 0, 0, 0, 0, 38, 0, 0, 8, 14, 60
"c:\Users\jie\Desktop\Fruit_Tree_Diseases_and_Pests_Expert_System\Expert_System\smpe-system\src\main\java\marchsoft\modules\app\entity\bo\QueryAllRecordBo.java", "Java", 0, 0, 0, 0, 0, 0, 0, 0, 0, 0, 0, 0, 13, 0, 0, 0, 3, 16
"c:\Users\jie\Desktop\Fruit_Tree_Diseases_and_Pests_Expert_System\Expert_System\smpe-system\src\main\java\marchsoft\modules\app\entity\bo\QueryRecordBo.java", "Java", 0, 0, 0, 0, 0, 0, 0, 0, 0, 0, 0, 0, 15, 0, 0, 0, 3, 18
"c:\Users\jie\Desktop\Fruit_Tree_Diseases_and_Pests_Expert_System\Expert_System\smpe-system\src\main\java\marchsoft\modules\app\entity\bo\QueryTreeBo.java", "Java", 0, 0, 0, 0, 0, 0, 0, 0, 0, 0, 0, 0, 19, 0, 0, 0, 3, 22
"c:\Users\jie\Desktop\Fruit_Tree_Diseases_and_Pests_Expert_System\Expert_System\smpe-system\src\main\java\marchsoft\modules\app\entity\dto\IllnessDto.java", "Java", 0, 0, 0, 0, 0, 0, 0, 0, 0, 0, 0, 0, 3, 0, 0, 0, 3, 6
"c:\Users\jie\Desktop\Fruit_Tree_Diseases_and_Pests_Expert_System\Expert_System\smpe-system\src\main\java\marchsoft\modules\app\entity\vo\CreateRecordVo.java", "Java", 0, 0, 0, 0, 0, 0, 0, 0, 0, 0, 0, 0, 9, 0, 0, 0, 3, 12
"c:\Users\jie\Desktop\Fruit_Tree_Diseases_and_Pests_Expert_System\Expert_System\smpe-system\src\main\java\marchsoft\modules\app\entity\vo\CreateTreeVo.java", "Java", 0, 0, 0, 0, 0, 0, 0, 0, 0, 0, 0, 0, 10, 0, 0, 0, 3, 13
"c:\Users\jie\Desktop\Fruit_Tree_Diseases_and_Pests_Expert_System\Expert_System\smpe-system\src\main\java\marchsoft\modules\app\entity\vo\InsertIllnessVo.java", "Java", 0, 0, 0, 0, 0, 0, 0, 0, 0, 0, 0, 0, 16, 0, 0, 0, 5, 21
"c:\Users\jie\Desktop\Fruit_Tree_Diseases_and_Pests_Expert_System\Expert_System\smpe-system\src\main\java\marchsoft\modules\app\entity\vo\PageVo.java", "Java", 0, 0, 0, 0, 0, 0, 0, 0, 0, 0, 0, 0, 11, 0, 0, 0, 4, 15
"c:\Users\jie\Desktop\Fruit_Tree_Diseases_and_Pests_Expert_System\Expert_System\smpe-system\src\main\java\marchsoft\modules\app\entity\vo\UpdateIllnessVo.java", "Java", 0, 0, 0, 0, 0, 0, 0, 0, 0, 0, 0, 0, 15, 0, 0, 0, 4, 19
"c:\Users\jie\Desktop\Fruit_Tree_Diseases_and_Pests_Expert_System\Expert_System\smpe-system\src\main\java\marchsoft\modules\app\entity\vo\UpdateTreeVo.java", "Java", 0, 0, 0, 0, 0, 0, 0, 0, 0, 0, 0, 0, 11, 0, 0, 0, 3, 14
"c:\Users\jie\Desktop\Fruit_Tree_Diseases_and_Pests_Expert_System\Expert_System\smpe-system\src\main\java\marchsoft\modules\app\mapper\IllnessMapper.java", "Java", 0, 0, 0, 0, 0, 0, 0, 0, 0, 0, 0, 0, 14, 0, 0, 12, 7, 33
"c:\Users\jie\Desktop\Fruit_Tree_Diseases_and_Pests_Expert_System\Expert_System\smpe-system\src\main\java\marchsoft\modules\app\mapper\RecordMapper.java", "Java", 0, 0, 0, 0, 0, 0, 0, 0, 0, 0, 0, 0, 26, 0, 0, 8, 7, 41
"c:\Users\jie\Desktop\Fruit_Tree_Diseases_and_Pests_Expert_System\Expert_System\smpe-system\src\main\java\marchsoft\modules\app\mapper\TreeMapper.java", "Java", 0, 0, 0, 0, 0, 0, 0, 0, 0, 0, 0, 0, 32, 0, 0, 8, 9, 49
"c:\Users\jie\Desktop\Fruit_Tree_Diseases_and_Pests_Expert_System\Expert_System\smpe-system\src\main\java\marchsoft\modules\app\service\IIllnessService.java", "Java", 0, 0, 0, 0, 0, 0, 0, 0, 0, 0, 0, 0, 14, 0, 0, 8, 5, 27
"c:\Users\jie\Desktop\Fruit_Tree_Diseases_and_Pests_Expert_System\Expert_System\smpe-system\src\main\java\marchsoft\modules\app\service\IRecordService.java", "Java", 0, 0, 0, 0, 0, 0, 0, 0, 0, 0, 0, 0, 12, 0, 0, 8, 7, 27
"c:\Users\jie\Desktop\Fruit_Tree_Diseases_and_Pests_Expert_System\Expert_System\smpe-system\src\main\java\marchsoft\modules\app\service\ITreeService.java", "Java", 0, 0, 0, 0, 0, 0, 0, 0, 0, 0, 0, 0, 14, 0, 0, 16, 8, 38
"c:\Users\jie\Desktop\Fruit_Tree_Diseases_and_Pests_Expert_System\Expert_System\smpe-system\src\main\java\marchsoft\modules\app\service\impl\IllnessServiceImpl.java", "Java", 0, 0, 0, 0, 0, 0, 0, 0, 0, 0, 0, 0, 91, 0, 0, 38, 14, 143
"c:\Users\jie\Desktop\Fruit_Tree_Diseases_and_Pests_Expert_System\Expert_System\smpe-system\src\main\java\marchsoft\modules\app\service\impl\RecordServiceImpl.java", "Java", 0, 0, 0, 0, 0, 0, 0, 0, 0, 0, 0, 0, 46, 0, 0, 8, 9, 63
"c:\Users\jie\Desktop\Fruit_Tree_Diseases_and_Pests_Expert_System\Expert_System\smpe-system\src\main\java\marchsoft\modules\app\service\impl\TreeServiceImpl.java", "Java", 0, 0, 0, 0, 0, 0, 0, 0, 0, 0, 0, 0, 62, 0, 0, 8, 11, 81
"c:\Users\jie\Desktop\Fruit_Tree_Diseases_and_Pests_Expert_System\Expert_System\smpe-system\src\main\java\marchsoft\modules\business\controller\LimitController.java", "Java", 0, 0, 0, 0, 0, 0, 0, 0, 0, 0, 0, 0, 20, 0, 0, 7, 6, 33
"c:\Users\jie\Desktop\Fruit_Tree_Diseases_and_Pests_Expert_System\Expert_System\smpe-system\src\main\java\marchsoft\modules\generator\MybatisPlusGenerator.java", "Java", 0, 0, 0, 0, 0, 0, 0, 0, 0, 0, 0, 0, 141, 0, 0, 101, 27, 269
"c:\Users\jie\Desktop\Fruit_Tree_Diseases_and_Pests_Expert_System\Expert_System\smpe-system\src\main\java\marchsoft\modules\quartz\config\JobRunner.java", "Java", 0, 0, 0, 0, 0, 0, 0, 0, 0, 0, 0, 0, 27, 0, 0, 5, 4, 36
"c:\Users\jie\Desktop\Fruit_Tree_Diseases_and_Pests_Expert_System\Expert_System\smpe-system\src\main\java\marchsoft\modules\quartz\config\QuartzConfig.java", "Java", 0, 0, 0, 0, 0, 0, 0, 0, 0, 0, 0, 0, 34, 0, 0, 26, 12, 72
"c:\Users\jie\Desktop\Fruit_Tree_Diseases_and_Pests_Expert_System\Expert_System\smpe-system\src\main\java\marchsoft\modules\quartz\controller\QuartzJobController.java", "Java", 0, 0, 0, 0, 0, 0, 0, 0, 0, 0, 0, 0, 95, 0, 0, 5, 16, 116
"c:\Users\jie\Desktop\Fruit_Tree_Diseases_and_Pests_Expert_System\Expert_System\smpe-system\src\main\java\marchsoft\modules\quartz\entity\QuartzJob.java", "Java", 0, 0, 0, 0, 0, 0, 0, 0, 0, 0, 0, 0, 57, 0, 0, 0, 19, 76
"c:\Users\jie\Desktop\Fruit_Tree_Diseases_and_Pests_Expert_System\Expert_System\smpe-system\src\main\java\marchsoft\modules\quartz\entity\QuartzLog.java", "Java", 0, 0, 0, 0, 0, 0, 0, 0, 0, 0, 0, 0, 41, 0, 0, 22, 17, 80
"c:\Users\jie\Desktop\Fruit_Tree_Diseases_and_Pests_Expert_System\Expert_System\smpe-system\src\main\java\marchsoft\modules\quartz\entity\dto\JobQueryCriteria.java", "Java", 0, 0, 0, 0, 0, 0, 0, 0, 0, 0, 0, 0, 15, 0, 0, 5, 9, 29
"c:\Users\jie\Desktop\Fruit_Tree_Diseases_and_Pests_Expert_System\Expert_System\smpe-system\src\main\java\marchsoft\modules\quartz\mapper\QuartzJobMapper.java", "Java", 0, 0, 0, 0, 0, 0, 0, 0, 0, 0, 0, 0, 5, 0, 0, 5, 4, 14
"c:\Users\jie\Desktop\Fruit_Tree_Diseases_and_Pests_Expert_System\Expert_System\smpe-system\src\main\java\marchsoft\modules\quartz\mapper\QuartzLogMapper.java", "Java", 0, 0, 0, 0, 0, 0, 0, 0, 0, 0, 0, 0, 5, 0, 0, 5, 4, 14
"c:\Users\jie\Desktop\Fruit_Tree_Diseases_and_Pests_Expert_System\Expert_System\smpe-system\src\main\java\marchsoft\modules\quartz\service\QuartzJobService.java", "Java", 0, 0, 0, 0, 0, 0, 0, 0, 0, 0, 0, 0, 24, 0, 0, 113, 19, 156
"c:\Users\jie\Desktop\Fruit_Tree_Diseases_and_Pests_Expert_System\Expert_System\smpe-system\src\main\java\marchsoft\modules\quartz\service\impl\QuartzJobServiceImpl.java", "Java", 0, 0, 0, 0, 0, 0, 0, 0, 0, 0, 0, 0, 192, 0, 0, 27, 22, 241
"c:\Users\jie\Desktop\Fruit_Tree_Diseases_and_Pests_Expert_System\Expert_System\smpe-system\src\main\java\marchsoft\modules\quartz\task\TestTask.java", "Java", 0, 0, 0, 0, 0, 0, 0, 0, 0, 0, 0, 0, 16, 0, 0, 5, 4, 25
"c:\Users\jie\Desktop\Fruit_Tree_Diseases_and_Pests_Expert_System\Expert_System\smpe-system\src\main\java\marchsoft\modules\quartz\utils\ExecutionJob.java", "Java", 0, 0, 0, 0, 0, 0, 0, 0, 0, 0, 0, 0, 78, 0, 0, 23, 9, 110
"c:\Users\jie\Desktop\Fruit_Tree_Diseases_and_Pests_Expert_System\Expert_System\smpe-system\src\main\java\marchsoft\modules\quartz\utils\QuartzManage.java", "Java", 0, 0, 0, 0, 0, 0, 0, 0, 0, 0, 0, 0, 109, 0, 0, 67, 19, 195
"c:\Users\jie\Desktop\Fruit_Tree_Diseases_and_Pests_Expert_System\Expert_System\smpe-system\src\main\java\marchsoft\modules\quartz\utils\QuartzRunnable.java", "Java", 0, 0, 0, 0, 0, 0, 0, 0, 0, 0, 0, 0, 34, 0, 0, 16, 8, 58
"c:\Users\jie\Desktop\Fruit_Tree_Diseases_and_Pests_Expert_System\Expert_System\smpe-system\src\main\java\marchsoft\modules\security\config\SecurityConfig.java", "Java", 0, 0, 0, 0, 0, 0, 0, 0, 0, 0, 0, 0, 155, 0, 0, 81, 11, 247
"c:\Users\jie\Desktop\Fruit_Tree_Diseases_and_Pests_Expert_System\Expert_System\smpe-system\src\main\java\marchsoft\modules\security\config\bean\LoginCode.java", "Java", 0, 0, 0, 0, 0, 0, 0, 0, 0, 0, 0, 0, 15, 0, 0, 27, 5, 47
"c:\Users\jie\Desktop\Fruit_Tree_Diseases_and_Pests_Expert_System\Expert_System\smpe-system\src\main\java\marchsoft\modules\security\config\bean\LoginCodeEnum.java", "Java", 0, 0, 0, 0, 0, 0, 0, 0, 0, 0, 0, 0, 8, 0, 0, 18, 2, 28
"c:\Users\jie\Desktop\Fruit_Tree_Diseases_and_Pests_Expert_System\Expert_System\smpe-system\src\main\java\marchsoft\modules\security\config\bean\LoginProperties.java", "Java", 0, 0, 0, 0, 0, 0, 0, 0, 0, 0, 0, 0, 66, 0, 0, 25, 10, 101
"c:\Users\jie\Desktop\Fruit_Tree_Diseases_and_Pests_Expert_System\Expert_System\smpe-system\src\main\java\marchsoft\modules\security\config\bean\SecurityProperties.java", "Java", 0, 0, 0, 0, 0, 0, 0, 0, 0, 0, 0, 0, 20, 0, 0, 16, 12, 48
"c:\Users\jie\Desktop\Fruit_Tree_Diseases_and_Pests_Expert_System\Expert_System\smpe-system\src\main\java\marchsoft\modules\security\controller\AuthorizationController.java", "Java", 0, 0, 0, 0, 0, 0, 0, 0, 0, 0, 0, 0, 153, 0, 0, 23, 12, 188
"c:\Users\jie\Desktop\Fruit_Tree_Diseases_and_Pests_Expert_System\Expert_System\smpe-system\src\main\java\marchsoft\modules\security\controller\OnlineController.java", "Java", 0, 0, 0, 0, 0, 0, 0, 0, 0, 0, 0, 0, 43, 0, 0, 4, 8, 55
"c:\Users\jie\Desktop\Fruit_Tree_Diseases_and_Pests_Expert_System\Expert_System\smpe-system\src\main\java\marchsoft\modules\security\entity\dto\AuthUserDto.java", "Java", 0, 0, 0, 0, 0, 0, 0, 0, 0, 0, 0, 0, 18, 0, 0, 4, 9, 31
"c:\Users\jie\Desktop\Fruit_Tree_Diseases_and_Pests_Expert_System\Expert_System\smpe-system\src\main\java\marchsoft\modules\security\entity\dto\JwtUserDto.java", "Java", 0, 0, 0, 0, 0, 0, 0, 0, 0, 0, 0, 0, 61, 0, 0, 11, 16, 88
"c:\Users\jie\Desktop\Fruit_Tree_Diseases_and_Pests_Expert_System\Expert_System\smpe-system\src\main\java\marchsoft\modules\security\entity\dto\OnlineUserDto.java", "Java", 0, 0, 0, 0, 0, 0, 0, 0, 0, 0, 0, 0, 21, 0, 0, 28, 14, 63
"c:\Users\jie\Desktop\Fruit_Tree_Diseases_and_Pests_Expert_System\Expert_System\smpe-system\src\main\java\marchsoft\modules\security\security\JwtAccessDeniedHandler.java", "Java", 0, 0, 0, 0, 0, 0, 0, 0, 0, 0, 0, 0, 17, 0, 0, 14, 6, 37
"c:\Users\jie\Desktop\Fruit_Tree_Diseases_and_Pests_Expert_System\Expert_System\smpe-system\src\main\java\marchsoft\modules\security\security\JwtAuthenticationEntryPoint.java", "Java", 0, 0, 0, 0, 0, 0, 0, 0, 0, 0, 0, 0, 19, 0, 0, 13, 7, 39
"c:\Users\jie\Desktop\Fruit_Tree_Diseases_and_Pests_Expert_System\Expert_System\smpe-system\src\main\java\marchsoft\modules\security\security\TokenConfigurer.java", "Java", 0, 0, 0, 0, 0, 0, 0, 0, 0, 0, 0, 0, 21, 0, 0, 12, 5, 38
"c:\Users\jie\Desktop\Fruit_Tree_Diseases_and_Pests_Expert_System\Expert_System\smpe-system\src\main\java\marchsoft\modules\security\security\TokenFilter.java", "Java", 0, 0, 0, 0, 0, 0, 0, 0, 0, 0, 0, 0, 64, 0, 0, 35, 10, 109
"c:\Users\jie\Desktop\Fruit_Tree_Diseases_and_Pests_Expert_System\Expert_System\smpe-system\src\main\java\marchsoft\modules\security\security\TokenProvider.java", "Java", 0, 0, 0, 0, 0, 0, 0, 0, 0, 0, 0, 0, 96, 0, 0, 79, 16, 191
"c:\Users\jie\Desktop\Fruit_Tree_Diseases_and_Pests_Expert_System\Expert_System\smpe-system\src\main\java\marchsoft\modules\security\service\OnlineUserService.java", "Java", 0, 0, 0, 0, 0, 0, 0, 0, 0, 0, 0, 0, 113, 0, 0, 61, 14, 188
"c:\Users\jie\Desktop\Fruit_Tree_Diseases_and_Pests_Expert_System\Expert_System\smpe-system\src\main\java\marchsoft\modules\security\service\UserCacheClean.java", "Java", 0, 0, 0, 0, 0, 0, 0, 0, 0, 0, 0, 0, 14, 0, 0, 12, 6, 32
"c:\Users\jie\Desktop\Fruit_Tree_Diseases_and_Pests_Expert_System\Expert_System\smpe-system\src\main\java\marchsoft\modules\security\service\UserDetailsServiceImpl.java", "Java", 0, 0, 0, 0, 0, 0, 0, 0, 0, 0, 0, 0, 61, 0, 0, 13, 12, 86
"c:\Users\jie\Desktop\Fruit_Tree_Diseases_and_Pests_Expert_System\Expert_System\smpe-system\src\main\java\marchsoft\modules\system\controller\DeptController.java", "Java", 0, 0, 0, 0, 0, 0, 0, 0, 0, 0, 0, 0, 97, 0, 0, 11, 16, 124
"c:\Users\jie\Desktop\Fruit_Tree_Diseases_and_Pests_Expert_System\Expert_System\smpe-system\src\main\java\marchsoft\modules\system\controller\JobController.java", "Java", 0, 0, 0, 0, 0, 0, 0, 0, 0, 0, 0, 0, 75, 0, 0, 9, 12, 96
"c:\Users\jie\Desktop\Fruit_Tree_Diseases_and_Pests_Expert_System\Expert_System\smpe-system\src\main\java\marchsoft\modules\system\controller\MenuController.java", "Java", 0, 0, 0, 0, 0, 0, 0, 0, 0, 0, 0, 0, 110, 0, 0, 6, 16, 132
"c:\Users\jie\Desktop\Fruit_Tree_Diseases_and_Pests_Expert_System\Expert_System\smpe-system\src\main\java\marchsoft\modules\system\controller\RoleController.java", "Java", 0, 0, 0, 0, 0, 0, 0, 0, 0, 0, 0, 0, 128, 0, 0, 17, 18, 163
"c:\Users\jie\Desktop\Fruit_Tree_Diseases_and_Pests_Expert_System\Expert_System\smpe-system\src\main\java\marchsoft\modules\system\controller\UserController.java", "Java", 0, 0, 0, 0, 0, 0, 0, 0, 0, 0, 0, 0, 152, 0, 0, 36, 19, 207
"c:\Users\jie\Desktop\Fruit_Tree_Diseases_and_Pests_Expert_System\Expert_System\smpe-system\src\main\java\marchsoft\modules\system\entity\Dept.java", "Java", 0, 0, 0, 0, 0, 0, 0, 0, 0, 0, 0, 0, 55, 0, 0, 8, 17, 80
"c:\Users\jie\Desktop\Fruit_Tree_Diseases_and_Pests_Expert_System\Expert_System\smpe-system\src\main\java\marchsoft\modules\system\entity\Job.java", "Java", 0, 0, 0, 0, 0, 0, 0, 0, 0, 0, 0, 0, 52, 0, 0, 8, 13, 73
"c:\Users\jie\Desktop\Fruit_Tree_Diseases_and_Pests_Expert_System\Expert_System\smpe-system\src\main\java\marchsoft\modules\system\entity\Menu.java", "Java", 0, 0, 0, 0, 0, 0, 0, 0, 0, 0, 0, 0, 72, 0, 0, 8, 23, 103
"c:\Users\jie\Desktop\Fruit_Tree_Diseases_and_Pests_Expert_System\Expert_System\smpe-system\src\main\java\marchsoft\modules\system\entity\Role.java", "Java", 0, 0, 0, 0, 0, 0, 0, 0, 0, 0, 0, 0, 58, 0, 0, 8, 15, 81
"c:\Users\jie\Desktop\Fruit_Tree_Diseases_and_Pests_Expert_System\Expert_System\smpe-system\src\main\java\marchsoft\modules\system\entity\User.java", "Java", 0, 0, 0, 0, 0, 0, 0, 0, 0, 0, 0, 0, 72, 0, 0, 8, 21, 101
"c:\Users\jie\Desktop\Fruit_Tree_Diseases_and_Pests_Expert_System\Expert_System\smpe-system\src\main\java\marchsoft\modules\system\entity\bo\DeptBO.java", "Java", 0, 0, 0, 0, 0, 0, 0, 0, 0, 0, 0, 0, 11, 0, 0, 6, 4, 21
"c:\Users\jie\Desktop\Fruit_Tree_Diseases_and_Pests_Expert_System\Expert_System\smpe-system\src\main\java\marchsoft\modules\system\entity\bo\MenuBO.java", "Java", 0, 0, 0, 0, 0, 0, 0, 0, 0, 0, 0, 0, 13, 0, 0, 6, 5, 24
"c:\Users\jie\Desktop\Fruit_Tree_Diseases_and_Pests_Expert_System\Expert_System\smpe-system\src\main\java\marchsoft\modules\system\entity\bo\RoleBO.java", "Java", 0, 0, 0, 0, 0, 0, 0, 0, 0, 0, 0, 0, 18, 0, 0, 6, 8, 32
"c:\Users\jie\Desktop\Fruit_Tree_Diseases_and_Pests_Expert_System\Expert_System\smpe-system\src\main\java\marchsoft\modules\system\entity\bo\UserBO.java", "Java", 0, 0, 0, 0, 0, 0, 0, 0, 0, 0, 0, 0, 16, 0, 0, 6, 11, 33
"c:\Users\jie\Desktop\Fruit_Tree_Diseases_and_Pests_Expert_System\Expert_System\smpe-system\src\main\java\marchsoft\modules\system\entity\dto\DeptDTO.java", "Java", 0, 0, 0, 0, 0, 0, 0, 0, 0, 0, 0, 0, 43, 0, 0, 9, 16, 68
"c:\Users\jie\Desktop\Fruit_Tree_Diseases_and_Pests_Expert_System\Expert_System\smpe-system\src\main\java\marchsoft\modules\system\entity\dto\DeptQueryCriteria.java", "Java", 0, 0, 0, 0, 0, 0, 0, 0, 0, 0, 0, 0, 11, 0, 0, 21, 11, 43
"c:\Users\jie\Desktop\Fruit_Tree_Diseases_and_Pests_Expert_System\Expert_System\smpe-system\src\main\java\marchsoft\modules\system\entity\dto\DeptSmallDTO.java", "Java", 0, 0, 0, 0, 0, 0, 0, 0, 0, 0, 0, 0, 8, 0, 0, 6, 6, 20
"c:\Users\jie\Desktop\Fruit_Tree_Diseases_and_Pests_Expert_System\Expert_System\smpe-system\src\main\java\marchsoft\modules\system\entity\dto\JobDTO.java", "Java", 0, 0, 0, 0, 0, 0, 0, 0, 0, 0, 0, 0, 19, 0, 0, 6, 9, 34
"c:\Users\jie\Desktop\Fruit_Tree_Diseases_and_Pests_Expert_System\Expert_System\smpe-system\src\main\java\marchsoft\modules\system\entity\dto\JobQueryCriteria.java", "Java", 0, 0, 0, 0, 0, 0, 0, 0, 0, 0, 0, 0, 12, 0, 0, 18, 8, 38
"c:\Users\jie\Desktop\Fruit_Tree_Diseases_and_Pests_Expert_System\Expert_System\smpe-system\src\main\java\marchsoft\modules\system\entity\dto\JobSmallDTO.java", "Java", 0, 0, 0, 0, 0, 0, 0, 0, 0, 0, 0, 0, 10, 0, 0, 6, 6, 22
"c:\Users\jie\Desktop\Fruit_Tree_Diseases_and_Pests_Expert_System\Expert_System\smpe-system\src\main\java\marchsoft\modules\system\entity\dto\MenuDTO.java", "Java", 0, 0, 0, 0, 0, 0, 0, 0, 0, 0, 0, 0, 48, 0, 0, 6, 24, 78
"c:\Users\jie\Desktop\Fruit_Tree_Diseases_and_Pests_Expert_System\Expert_System\smpe-system\src\main\java\marchsoft\modules\system\entity\dto\MenuQueryCriteria.java", "Java", 0, 0, 0, 0, 0, 0, 0, 0, 0, 0, 0, 0, 15, 0, 0, 6, 8, 29
"c:\Users\jie\Desktop\Fruit_Tree_Diseases_and_Pests_Expert_System\Expert_System\smpe-system\src\main\java\marchsoft\modules\system\entity\dto\RoleDTO.java", "Java", 0, 0, 0, 0, 0, 0, 0, 0, 0, 0, 0, 0, 32, 0, 0, 6, 14, 52
"c:\Users\jie\Desktop\Fruit_Tree_Diseases_and_Pests_Expert_System\Expert_System\smpe-system\src\main\java\marchsoft\modules\system\entity\dto\RoleInsertOrUpdateDTO.java", "Java", 0, 0, 0, 0, 0, 0, 0, 0, 0, 0, 0, 0, 24, 0, 0, 6, 13, 43
"c:\Users\jie\Desktop\Fruit_Tree_Diseases_and_Pests_Expert_System\Expert_System\smpe-system\src\main\java\marchsoft\modules\system\entity\dto\RoleMenuUpdateDTO.java", "Java", 0, 0, 0, 0, 0, 0, 0, 0, 0, 0, 0, 0, 13, 0, 0, 6, 6, 25
"c:\Users\jie\Desktop\Fruit_Tree_Diseases_and_Pests_Expert_System\Expert_System\smpe-system\src\main\java\marchsoft\modules\system\entity\dto\RoleQueryCriteria.java", "Java", 0, 0, 0, 0, 0, 0, 0, 0, 0, 0, 0, 0, 9, 0, 0, 7, 7, 23
"c:\Users\jie\Desktop\Fruit_Tree_Diseases_and_Pests_Expert_System\Expert_System\smpe-system\src\main\java\marchsoft\modules\system\entity\dto\RoleSmallDTO.java", "Java", 0, 0, 0, 0, 0, 0, 0, 0, 0, 0, 0, 0, 10, 0, 0, 6, 8, 24
"c:\Users\jie\Desktop\Fruit_Tree_Diseases_and_Pests_Expert_System\Expert_System\smpe-system\src\main\java\marchsoft\modules\system\entity\dto\UserDTO.java", "Java", 0, 0, 0, 0, 0, 0, 0, 0, 0, 0, 0, 0, 31, 0, 0, 6, 21, 58
"c:\Users\jie\Desktop\Fruit_Tree_Diseases_and_Pests_Expert_System\Expert_System\smpe-system\src\main\java\marchsoft\modules\system\entity\dto\UserInsertOrUpdateDTO.java", "Java", 0, 0, 0, 0, 0, 0, 0, 0, 0, 0, 0, 0, 35, 0, 0, 6, 19, 60
"c:\Users\jie\Desktop\Fruit_Tree_Diseases_and_Pests_Expert_System\Expert_System\smpe-system\src\main\java\marchsoft\modules\system\entity\dto\UserPersonalInfoDTO.java", "Java", 0, 0, 0, 0, 0, 0, 0, 0, 0, 0, 0, 0, 14, 0, 0, 6, 9, 29
"c:\Users\jie\Desktop\Fruit_Tree_Diseases_and_Pests_Expert_System\Expert_System\smpe-system\src\main\java\marchsoft\modules\system\entity\dto\UserQueryCriteria.java", "Java", 0, 0, 0, 0, 0, 0, 0, 0, 0, 0, 0, 0, 23, 0, 0, 15, 12, 50
"c:\Users\jie\Desktop\Fruit_Tree_Diseases_and_Pests_Expert_System\Expert_System\smpe-system\src\main\java\marchsoft\modules\system\entity\vo\MenuMetaVo.java", "Java", 0, 0, 0, 0, 0, 0, 0, 0, 0, 0, 0, 0, 11, 0, 0, 3, 7, 21
"c:\Users\jie\Desktop\Fruit_Tree_Diseases_and_Pests_Expert_System\Expert_System\smpe-system\src\main\java\marchsoft\modules\system\entity\vo\MenuVo.java", "Java", 0, 0, 0, 0, 0, 0, 0, 0, 0, 0, 0, 0, 17, 0, 0, 5, 12, 34
"c:\Users\jie\Desktop\Fruit_Tree_Diseases_and_Pests_Expert_System\Expert_System\smpe-system\src\main\java\marchsoft\modules\system\entity\vo\UserPassVo.java", "Java", 0, 0, 0, 0, 0, 0, 0, 0, 0, 0, 0, 0, 7, 0, 0, 5, 5, 17
"c:\Users\jie\Desktop\Fruit_Tree_Diseases_and_Pests_Expert_System\Expert_System\smpe-system\src\main\java\marchsoft\modules\system\mapper\DeptMapper.java", "Java", 0, 0, 0, 0, 0, 0, 0, 0, 0, 0, 0, 0, 26, 0, 0, 23, 8, 57
"c:\Users\jie\Desktop\Fruit_Tree_Diseases_and_Pests_Expert_System\Expert_System\smpe-system\src\main\java\marchsoft\modules\system\mapper\JobMapper.java", "Java", 0, 0, 0, 0, 0, 0, 0, 0, 0, 0, 0, 0, 24, 0, 0, 23, 8, 55
"c:\Users\jie\Desktop\Fruit_Tree_Diseases_and_Pests_Expert_System\Expert_System\smpe-system\src\main\java\marchsoft\modules\system\mapper\MenuMapper.java", "Java", 0, 0, 0, 0, 0, 0, 0, 0, 0, 0, 0, 0, 49, 0, 0, 39, 9, 97
"c:\Users\jie\Desktop\Fruit_Tree_Diseases_and_Pests_Expert_System\Expert_System\smpe-system\src\main\java\marchsoft\modules\system\mapper\RoleMapper.java", "Java", 0, 0, 0, 0, 0, 0, 0, 0, 0, 0, 0, 0, 127, 0, 0, 106, 18, 251
"c:\Users\jie\Desktop\Fruit_Tree_Diseases_and_Pests_Expert_System\Expert_System\smpe-system\src\main\java\marchsoft\modules\system\mapper\UserMapper.java", "Java", 0, 0, 0, 0, 0, 0, 0, 0, 0, 0, 0, 0, 123, 0, 0, 123, 20, 266
"c:\Users\jie\Desktop\Fruit_Tree_Diseases_and_Pests_Expert_System\Expert_System\smpe-system\src\main\java\marchsoft\modules\system\service\IDataService.java", "Java", 0, 0, 0, 0, 0, 0, 0, 0, 0, 0, 0, 0, 6, 0, 0, 14, 7, 27
"c:\Users\jie\Desktop\Fruit_Tree_Diseases_and_Pests_Expert_System\Expert_System\smpe-system\src\main\java\marchsoft\modules\system\service\IDeptService.java", "Java", 0, 0, 0, 0, 0, 0, 0, 0, 0, 0, 0, 0, 27, 0, 0, 141, 21, 189
"c:\Users\jie\Desktop\Fruit_Tree_Diseases_and_Pests_Expert_System\Expert_System\smpe-system\src\main\java\marchsoft\modules\system\service\IJobService.java", "Java", 0, 0, 0, 0, 0, 0, 0, 0, 0, 0, 0, 0, 22, 0, 0, 87, 13, 122
"c:\Users\jie\Desktop\Fruit_Tree_Diseases_and_Pests_Expert_System\Expert_System\smpe-system\src\main\java\marchsoft\modules\system\service\IMenuService.java", "Java", 0, 0, 0, 0, 0, 0, 0, 0, 0, 0, 0, 0, 27, 0, 0, 131, 19, 177
"c:\Users\jie\Desktop\Fruit_Tree_Diseases_and_Pests_Expert_System\Expert_System\smpe-system\src\main\java\marchsoft\modules\system\service\IRoleService.java", "Java", 0, 0, 0, 0, 0, 0, 0, 0, 0, 0, 0, 0, 29, 0, 0, 135, 22, 186
"c:\Users\jie\Desktop\Fruit_Tree_Diseases_and_Pests_Expert_System\Expert_System\smpe-system\src\main\java\marchsoft\modules\system\service\IUserService.java", "Java", 0, 0, 0, 0, 0, 0, 0, 0, 0, 0, 0, 0, 30, 0, 0, 94, 18, 142
"c:\Users\jie\Desktop\Fruit_Tree_Diseases_and_Pests_Expert_System\Expert_System\smpe-system\src\main\java\marchsoft\modules\system\service\impl\DataServiceImpl.java", "Java", 0, 0, 0, 0, 0, 0, 0, 0, 0, 0, 0, 0, 55, 0, 0, 31, 8, 94
"c:\Users\jie\Desktop\Fruit_Tree_Diseases_and_Pests_Expert_System\Expert_System\smpe-system\src\main\java\marchsoft\modules\system\service\impl\DeptServiceImpl.java", "Java", 0, 0, 0, 0, 0, 0, 0, 0, 0, 0, 0, 0, 297, 0, 0, 183, 24, 504
"c:\Users\jie\Desktop\Fruit_Tree_Diseases_and_Pests_Expert_System\Expert_System\smpe-system\src\main\java\marchsoft\modules\system\service\impl\JobServiceImpl.java", "Java", 0, 0, 0, 0, 0, 0, 0, 0, 0, 0, 0, 0, 162, 0, 0, 107, 18, 287
"c:\Users\jie\Desktop\Fruit_Tree_Diseases_and_Pests_Expert_System\Expert_System\smpe-system\src\main\java\marchsoft\modules\system\service\impl\MenuServiceImpl.java", "Java", 0, 0, 0, 0, 0, 0, 0, 0, 0, 0, 0, 0, 355, 0, 0, 161, 24, 540
"c:\Users\jie\Desktop\Fruit_Tree_Diseases_and_Pests_Expert_System\Expert_System\smpe-system\src\main\java\marchsoft\modules\system\service\impl\RoleServiceImpl.java", "Java", 0, 0, 0, 0, 0, 0, 0, 0, 0, 0, 0, 0, 283, 0, 0, 194, 33, 510
"c:\Users\jie\Desktop\Fruit_Tree_Diseases_and_Pests_Expert_System\Expert_System\smpe-system\src\main\java\marchsoft\modules\system\service\impl\UserServiceImpl.java", "Java", 0, 0, 0, 0, 0, 0, 0, 0, 0, 0, 0, 0, 329, 0, 0, 130, 36, 495
"c:\Users\jie\Desktop\Fruit_Tree_Diseases_and_Pests_Expert_System\Expert_System\smpe-system\src\main\java\marchsoft\modules\system\service\mapstruct\DeptMapStruct.java", "Java", 0, 0, 0, 0, 0, 0, 0, 0, 0, 0, 0, 0, 9, 0, 0, 4, 3, 16
"c:\Users\jie\Desktop\Fruit_Tree_Diseases_and_Pests_Expert_System\Expert_System\smpe-system\src\main\java\marchsoft\modules\system\service\mapstruct\DeptSmallMapStruct.java", "Java", 0, 0, 0, 0, 0, 0, 0, 0, 0, 0, 0, 0, 9, 0, 0, 4, 3, 16
"c:\Users\jie\Desktop\Fruit_Tree_Diseases_and_Pests_Expert_System\Expert_System\smpe-system\src\main\java\marchsoft\modules\system\service\mapstruct\JobMapStruct.java", "Java", 0, 0, 0, 0, 0, 0, 0, 0, 0, 0, 0, 0, 9, 0, 0, 4, 3, 16
"c:\Users\jie\Desktop\Fruit_Tree_Diseases_and_Pests_Expert_System\Expert_System\smpe-system\src\main\java\marchsoft\modules\system\service\mapstruct\JobSmallMapStruct.java", "Java", 0, 0, 0, 0, 0, 0, 0, 0, 0, 0, 0, 0, 9, 0, 0, 4, 3, 16
"c:\Users\jie\Desktop\Fruit_Tree_Diseases_and_Pests_Expert_System\Expert_System\smpe-system\src\main\java\marchsoft\modules\system\service\mapstruct\MenuMapStruct.java", "Java", 0, 0, 0, 0, 0, 0, 0, 0, 0, 0, 0, 0, 9, 0, 0, 4, 3, 16
"c:\Users\jie\Desktop\Fruit_Tree_Diseases_and_Pests_Expert_System\Expert_System\smpe-system\src\main\java\marchsoft\modules\system\service\mapstruct\RoleMapStruct.java", "Java", 0, 0, 0, 0, 0, 0, 0, 0, 0, 0, 0, 0, 10, 0, 0, 4, 3, 17
"c:\Users\jie\Desktop\Fruit_Tree_Diseases_and_Pests_Expert_System\Expert_System\smpe-system\src\main\java\marchsoft\modules\system\service\mapstruct\RoleSmallMapStruct.java", "Java", 0, 0, 0, 0, 0, 0, 0, 0, 0, 0, 0, 0, 9, 0, 0, 4, 3, 16
"c:\Users\jie\Desktop\Fruit_Tree_Diseases_and_Pests_Expert_System\Expert_System\smpe-system\src\main\java\marchsoft\modules\system\service\mapstruct\UserMapStruct.java", "Java", 0, 0, 0, 0, 0, 0, 0, 0, 0, 0, 0, 0, 11, 0, 0, 4, 4, 19
"c:\Users\jie\Desktop\Fruit_Tree_Diseases_and_Pests_Expert_System\Expert_System\smpe-system\src\main\java\marchsoft\modules\upload\controller\FileController.java", "Java", 0, 0, 0, 0, 0, 0, 0, 0, 0, 0, 0, 0, 70, 0, 0, 10, 13, 93
"c:\Users\jie\Desktop\Fruit_Tree_Diseases_and_Pests_Expert_System\Expert_System\smpe-system\src\main\java\marchsoft\modules\upload\service\FileService.java", "Java", 0, 0, 0, 0, 0, 0, 0, 0, 0, 0, 0, 0, 7, 0, 0, 20, 9, 36
"c:\Users\jie\Desktop\Fruit_Tree_Diseases_and_Pests_Expert_System\Expert_System\smpe-system\src\main\java\marchsoft\modules\upload\service\impl\FileServiceImpl.java", "Java", 0, 0, 0, 0, 0, 0, 0, 0, 0, 0, 0, 0, 40, 0, 0, 15, 10, 65
"c:\Users\jie\Desktop\Fruit_Tree_Diseases_and_Pests_Expert_System\Expert_System\smpe-system\src\main\resources\config\application-dev.yml", "YAML", 0, 0, 0, 0, 0, 0, 0, 95, 0, 0, 0, 0, 0, 0, 0, 49, 11, 155
"c:\Users\jie\Desktop\Fruit_Tree_Diseases_and_Pests_Expert_System\Expert_System\smpe-system\src\main\resources\config\application-prod.yml", "YAML", 0, 0, 0, 0, 0, 0, 0, 95, 0, 0, 0, 0, 0, 0, 0, 49, 11, 155
"c:\Users\jie\Desktop\Fruit_Tree_Diseases_and_Pests_Expert_System\Expert_System\smpe-system\src\main\resources\config\application-test.yml", "YAML", 0, 0, 0, 0, 0, 0, 0, 93, 0, 0, 0, 0, 0, 0, 0, 48, 10, 151
"c:\Users\jie\Desktop\Fruit_Tree_Diseases_and_Pests_Expert_System\Expert_System\smpe-system\src\main\resources\config\application.yml", "YAML", 0, 0, 0, 0, 0, 0, 0, 27, 0, 0, 0, 0, 0, 0, 0, 1, 3, 31
"c:\Users\jie\Desktop\Fruit_Tree_Diseases_and_Pests_Expert_System\Expert_System\smpe-system\src\main\resources\generator.properties", "Java Properties", 0, 0, 0, 0, 0, 0, 0, 0, 0, 0, 0, 0, 0, 0, 19, 1, 7, 27
"c:\Users\jie\Desktop\Fruit_Tree_Diseases_and_Pests_Expert_System\Expert_System\smpe-system\src\main\resources\log4jdbc.log4j2.properties", "Java Properties", 0, 0, 0, 0, 0, 0, 0, 0, 0, 0, 0, 0, 0, 0, 6, 3, 5, 14
"c:\Users\jie\Desktop\Fruit_Tree_Diseases_and_Pests_Expert_System\Expert_System\smpe-system\src\main\resources\logback\logback-dev.xml", "XML", 0, 0, 0, 0, 56, 0, 0, 0, 0, 0, 0, 0, 0, 0, 0, 11, 6, 73
"c:\Users\jie\Desktop\Fruit_Tree_Diseases_and_Pests_Expert_System\Expert_System\smpe-system\src\main\resources\logback\logback-prod.xml", "XML", 0, 0, 0, 0, 58, 0, 0, 0, 0, 0, 0, 0, 0, 0, 0, 11, 6, 75
"c:\Users\jie\Desktop\Fruit_Tree_Diseases_and_Pests_Expert_System\Expert_System\smpe-system\src\main\resources\logback\logback-test.xml", "XML", 0, 0, 0, 0, 61, 0, 0, 0, 0, 0, 0, 0, 0, 0, 0, 11, 6, 78
"c:\Users\jie\Desktop\Fruit_Tree_Diseases_and_Pests_Expert_System\Expert_System\smpe-system\src\test\java\marchsoft\log\LogTest.java", "Java", 0, 0, 0, 0, 0, 0, 0, 0, 0, 0, 0, 0, 19, 0, 0, 12, 6, 37
"c:\Users\jie\Desktop\Fruit_Tree_Diseases_and_Pests_Expert_System\Expert_System\smpe-system\src\test\java\marchsoft\mybatis\BaseMapperAndServiceImplTest.java", "Java", 0, 0, 0, 0, 0, 0, 0, 0, 0, 0, 0, 0, 48, 0, 0, 13, 10, 71
"c:\Users\jie\Desktop\Fruit_Tree_Diseases_and_Pests_Expert_System\Expert_System\smpe-system\src\test\java\marchsoft\mybatis\CacheTest.java", "Java", 0, 0, 0, 0, 0, 0, 0, 0, 0, 0, 0, 0, 37, 0, 0, 12, 6, 55
"c:\Users\jie\Desktop\Fruit_Tree_Diseases_and_Pests_Expert_System\Expert_System\smpe-system\src\test\java\marchsoft\mybatis\DateTimeMysqlTest.java", "Java", 0, 0, 0, 0, 0, 0, 0, 0, 0, 0, 0, 0, 34, 0, 0, 10, 10, 54
"c:\Users\jie\Desktop\Fruit_Tree_Diseases_and_Pests_Expert_System\Expert_System\smpe-system\src\test\java\marchsoft\mybatis\DeptTest.java", "Java", 0, 0, 0, 0, 0, 0, 0, 0, 0, 0, 0, 0, 19, 0, 0, 6, 5, 30
"c:\Users\jie\Desktop\Fruit_Tree_Diseases_and_Pests_Expert_System\Expert_System\smpe-system\src\test\java\marchsoft\mybatis\PageTest.java", "Java", 0, 0, 0, 0, 0, 0, 0, 0, 0, 0, 0, 0, 53, 0, 0, 12, 11, 76
"c:\Users\jie\Desktop\Fruit_Tree_Diseases_and_Pests_Expert_System\Expert_System\smpe-system\src\test\java\marchsoft\service\DeptServiceTest.java", "Java", 0, 0, 0, 0, 0, 0, 0, 0, 0, 0, 0, 0, 34, 0, 0, 7, 10, 51
"c:\Users\jie\Desktop\Fruit_Tree_Diseases_and_Pests_Expert_System\Expert_System\smpe-system\src\test\java\marchsoft\service\JobServieceTest.java", "Java", 0, 0, 0, 0, 0, 0, 0, 0, 0, 0, 0, 0, 88, 0, 0, 13, 27, 128
"c:\Users\jie\Desktop\Fruit_Tree_Diseases_and_Pests_Expert_System\Expert_System\smpe-system\src\test\java\marchsoft\utils\IpCityInfoTest.java", "Java", 0, 0, 0, 0, 0, 0, 0, 0, 0, 0, 0, 0, 14, 0, 0, 6, 7, 27
"c:\Users\jie\Desktop\Fruit_Tree_Diseases_and_Pests_Expert_System\Expert_System\smpe-system\src\test\java\marchsoft\utils\RedisUtilsTest.java", "Java", 0, 0, 0, 0, 0, 0, 0, 0, 0, 0, 0, 0, 66, 0, 0, 28, 21, 115
"c:\Users\jie\Desktop\Fruit_Tree_Diseases_and_Pests_Expert_System\Expert_System\sql\diseases_insect_pests.sql", "SQL", 0, 0, 0, 0, 0, 0, 0, 0, 0, 0, 355, 0, 0, 0, 0, 96, 30, 481
"c:\Users\jie\Desktop\Fruit_Tree_Diseases_and_Pests_Expert_System\Expert_System\sql\smpe-v1.0.0-20210207.sql", "SQL", 0, 0, 0, 0, 0, 0, 0, 0, 0, 0, 263, 0, 0, 0, 0, 84, 27, 374
"c:\Users\jie\Desktop\Fruit_Tree_Diseases_and_Pests_Expert_System\Expert_System_web\.eslintrc.js", "JavaScript", 0, 195, 0, 0, 0, 0, 0, 0, 0, 0, 0, 0, 0, 0, 0, 2, 2, 199
"c:\Users\jie\Desktop\Fruit_Tree_Diseases_and_Pests_Expert_System\Expert_System_web\.travis.yml", "YAML", 0, 0, 0, 0, 0, 0, 0, 5, 0, 0, 0, 0, 0, 0, 0, 0, 1, 6
"c:\Users\jie\Desktop\Fruit_Tree_Diseases_and_Pests_Expert_System\Expert_System_web\README.en.md", "Markdown", 0, 0, 0, 0, 0, 25, 0, 0, 0, 0, 0, 0, 0, 0, 0, 0, 12, 37
"c:\Users\jie\Desktop\Fruit_Tree_Diseases_and_Pests_Expert_System\Expert_System_web\README.md", "Markdown", 0, 0, 0, 0, 0, 68, 0, 0, 0, 0, 0, 0, 0, 0, 0, 0, 18, 86
"c:\Users\jie\Desktop\Fruit_Tree_Diseases_and_Pests_Expert_System\Expert_System_web\babel.config.js", "JavaScript", 0, 10, 0, 0, 0, 0, 0, 0, 0, 0, 0, 0, 0, 0, 0, 1, 1, 12
"c:\Users\jie\Desktop\Fruit_Tree_Diseases_and_Pests_Expert_System\Expert_System_web\jest.config.js", "JavaScript", 0, 23, 0, 0, 0, 0, 0, 0, 0, 0, 0, 0, 0, 0, 0, 1, 1, 25
"c:\Users\jie\Desktop\Fruit_Tree_Diseases_and_Pests_Expert_System\Expert_System_web\package.json", "JSON", 0, 0, 0, 0, 0, 0, 96, 0, 0, 0, 0, 0, 0, 0, 0, 0, 1, 97
"c:\Users\jie\Desktop\Fruit_Tree_Diseases_and_Pests_Expert_System\Expert_System_web\plopfile.js", "JavaScript", 0, 6, 0, 0, 0, 0, 0, 0, 0, 0, 0, 0, 0, 0, 0, 0, 2, 8
"c:\Users\jie\Desktop\Fruit_Tree_Diseases_and_Pests_Expert_System\Expert_System_web\postcss.config.js", "JavaScript", 0, 5, 0, 0, 0, 0, 0, 0, 0, 0, 0, 0, 0, 0, 0, 0, 1, 6
"c:\Users\jie\Desktop\Fruit_Tree_Diseases_and_Pests_Expert_System\Expert_System_web\public\index.html", "HTML", 14, 0, 0, 0, 0, 0, 0, 0, 0, 0, 0, 0, 0, 0, 0, 1, 1, 16
"c:\Users\jie\Desktop\Fruit_Tree_Diseases_and_Pests_Expert_System\Expert_System_web\src\api\data.js", "JavaScript", 0, 16, 0, 0, 0, 0, 0, 0, 0, 0, 0, 0, 0, 0, 0, 1, 3, 20
"c:\Users\jie\Desktop\Fruit_Tree_Diseases_and_Pests_Expert_System\Expert_System_web\src\api\login.js", "JavaScript", 0, 31, 0, 0, 0, 0, 0, 0, 0, 0, 0, 0, 0, 0, 0, 0, 5, 36
"c:\Users\jie\Desktop\Fruit_Tree_Diseases_and_Pests_Expert_System\Expert_System_web\src\api\monitor\log.js", "JavaScript", 0, 19, 0, 0, 0, 0, 0, 0, 0, 0, 0, 0, 0, 0, 0, 0, 4, 23
"c:\Users\jie\Desktop\Fruit_Tree_Diseases_and_Pests_Expert_System\Expert_System_web\src\api\officalAccount\request.js", "JavaScript", 0, 28, 0, 0, 0, 0, 0, 0, 0, 0, 0, 0, 0, 0, 0, 0, 8, 36
"c:\Users\jie\Desktop\Fruit_Tree_Diseases_and_Pests_Expert_System\Expert_System_web\src\api\system\code.js", "JavaScript", 0, 13, 0, 0, 0, 0, 0, 0, 0, 0, 0, 0, 0, 0, 0, 0, 3, 16
"c:\Users\jie\Desktop\Fruit_Tree_Diseases_and_Pests_Expert_System\Expert_System_web\src\api\system\dept.js", "JavaScript", 0, 38, 0, 0, 0, 0, 0, 0, 0, 0, 0, 0, 0, 0, 0, 0, 7, 45
"c:\Users\jie\Desktop\Fruit_Tree_Diseases_and_Pests_Expert_System\Expert_System_web\src\api\system\illness.js", "JavaScript", 0, 34, 0, 0, 0, 0, 0, 0, 0, 0, 0, 0, 0, 0, 0, 1, 6, 41
"c:\Users\jie\Desktop\Fruit_Tree_Diseases_and_Pests_Expert_System\Expert_System_web\src\api\system\job.js", "JavaScript", 0, 21, 0, 0, 0, 0, 0, 0, 0, 0, 0, 0, 0, 0, 0, 14, 6, 41
"c:\Users\jie\Desktop\Fruit_Tree_Diseases_and_Pests_Expert_System\Expert_System_web\src\api\system\menu.js", "JavaScript", 0, 56, 0, 0, 0, 0, 0, 0, 0, 0, 0, 0, 0, 0, 0, 0, 10, 66
"c:\Users\jie\Desktop\Fruit_Tree_Diseases_and_Pests_Expert_System\Expert_System_web\src\api\system\role.js", "JavaScript", 0, 48, 0, 0, 0, 0, 0, 0, 0, 0, 0, 0, 0, 0, 0, 1, 9, 58
"c:\Users\jie\Desktop\Fruit_Tree_Diseases_and_Pests_Expert_System\Expert_System_web\src\api\system\timing.js", "JavaScript", 0, 35, 0, 0, 0, 0, 0, 0, 0, 0, 0, 0, 0, 0, 0, 0, 7, 42
"c:\Users\jie\Desktop\Fruit_Tree_Diseases_and_Pests_Expert_System\Expert_System_web\src\api\system\tree.js", "JavaScript", 0, 34, 0, 0, 0, 0, 0, 0, 0, 0, 0, 0, 0, 0, 0, 1, 6, 41
"c:\Users\jie\Desktop\Fruit_Tree_Diseases_and_Pests_Expert_System\Expert_System_web\src\api\system\user.js", "JavaScript", 0, 53, 0, 0, 0, 0, 0, 0, 0, 0, 0, 0, 0, 0, 0, 0, 9, 62
"c:\Users\jie\Desktop\Fruit_Tree_Diseases_and_Pests_Expert_System\Expert_System_web\src\assets\icons\index.js", "JavaScript", 0, 6, 0, 0, 0, 0, 0, 0, 0, 0, 0, 0, 0, 0, 0, 2, 3, 11
"c:\Users\jie\Desktop\Fruit_Tree_Diseases_and_Pests_Expert_System\Expert_System_web\src\assets\icons\svg\Steve-Jobs.svg", "XML", 0, 0, 0, 0, 1, 0, 0, 0, 0, 0, 0, 0, 0, 0, 0, 0, 0, 1
"c:\Users\jie\Desktop\Fruit_Tree_Diseases_and_Pests_Expert_System\Expert_System_web\src\assets\icons\svg\alipay.svg", "XML", 0, 0, 0, 0, 1, 0, 0, 0, 0, 0, 0, 0, 0, 0, 0, 0, 0, 1
"c:\Users\jie\Desktop\Fruit_Tree_Diseases_and_Pests_Expert_System\Expert_System_web\src\assets\icons\svg\anq.svg", "XML", 0, 0, 0, 0, 1, 0, 0, 0, 0, 0, 0, 0, 0, 0, 0, 0, 0, 1
"c:\Users\jie\Desktop\Fruit_Tree_Diseases_and_Pests_Expert_System\Expert_System_web\src\assets\icons\svg\app.svg", "XML", 0, 0, 0, 0, 1, 0, 0, 0, 0, 0, 0, 0, 0, 0, 0, 0, 0, 1
"c:\Users\jie\Desktop\Fruit_Tree_Diseases_and_Pests_Expert_System\Expert_System_web\src\assets\icons\svg\backup.svg", "XML", 0, 0, 0, 0, 1, 0, 0, 0, 0, 0, 0, 0, 0, 0, 0, 0, 0, 1
"c:\Users\jie\Desktop\Fruit_Tree_Diseases_and_Pests_Expert_System\Expert_System_web\src\assets\icons\svg\chain.svg", "XML", 0, 0, 0, 0, 1, 0, 0, 0, 0, 0, 0, 0, 0, 0, 0, 0, 0, 1
"c:\Users\jie\Desktop\Fruit_Tree_Diseases_and_Pests_Expert_System\Expert_System_web\src\assets\icons\svg\chart.svg", "XML", 0, 0, 0, 0, 1, 0, 0, 0, 0, 0, 0, 0, 0, 0, 0, 0, 0, 1
"c:\Users\jie\Desktop\Fruit_Tree_Diseases_and_Pests_Expert_System\Expert_System_web\src\assets\icons\svg\codeConsole.svg", "XML", 0, 0, 0, 0, 1, 0, 0, 0, 0, 0, 0, 0, 0, 0, 0, 0, 0, 1
"c:\Users\jie\Desktop\Fruit_Tree_Diseases_and_Pests_Expert_System\Expert_System_web\src\assets\icons\svg\dashboard.svg", "XML", 0, 0, 0, 0, 1, 0, 0, 0, 0, 0, 0, 0, 0, 0, 0, 0, 0, 1
"c:\Users\jie\Desktop\Fruit_Tree_Diseases_and_Pests_Expert_System\Expert_System_web\src\assets\icons\svg\database.svg", "XML", 0, 0, 0, 0, 1, 0, 0, 0, 0, 0, 0, 0, 0, 0, 0, 0, 0, 1
"c:\Users\jie\Desktop\Fruit_Tree_Diseases_and_Pests_Expert_System\Expert_System_web\src\assets\icons\svg\date.svg", "XML", 0, 0, 0, 0, 1, 0, 0, 0, 0, 0, 0, 0, 0, 0, 0, 0, 0, 1
"c:\Users\jie\Desktop\Fruit_Tree_Diseases_and_Pests_Expert_System\Expert_System_web\src\assets\icons\svg\deploy.svg", "XML", 0, 0, 0, 0, 1, 0, 0, 0, 0, 0, 0, 0, 0, 0, 0, 0, 0, 1
"c:\Users\jie\Desktop\Fruit_Tree_Diseases_and_Pests_Expert_System\Expert_System_web\src\assets\icons\svg\dept.svg", "XML", 0, 0, 0, 0, 1, 0, 0, 0, 0, 0, 0, 0, 0, 0, 0, 0, 0, 1
"c:\Users\jie\Desktop\Fruit_Tree_Diseases_and_Pests_Expert_System\Expert_System_web\src\assets\icons\svg\dev.svg", "XML", 0, 0, 0, 0, 1, 0, 0, 0, 0, 0, 0, 0, 0, 0, 0, 0, 0, 1
"c:\Users\jie\Desktop\Fruit_Tree_Diseases_and_Pests_Expert_System\Expert_System_web\src\assets\icons\svg\develop.svg", "XML", 0, 0, 0, 0, 1, 0, 0, 0, 0, 0, 0, 0, 0, 0, 0, 0, 0, 1
"c:\Users\jie\Desktop\Fruit_Tree_Diseases_and_Pests_Expert_System\Expert_System_web\src\assets\icons\svg\dictionary.svg", "XML", 0, 0, 0, 0, 1, 0, 0, 0, 0, 0, 0, 0, 0, 0, 0, 0, 0, 1
"c:\Users\jie\Desktop\Fruit_Tree_Diseases_and_Pests_Expert_System\Expert_System_web\src\assets\icons\svg\doc.svg", "XML", 0, 0, 0, 0, 1, 0, 0, 0, 0, 0, 0, 0, 0, 0, 0, 0, 0, 1
"c:\Users\jie\Desktop\Fruit_Tree_Diseases_and_Pests_Expert_System\Expert_System_web\src\assets\icons\svg\download.svg", "XML", 0, 0, 0, 0, 1, 0, 0, 0, 0, 0, 0, 0, 0, 0, 0, 0, 0, 1
"c:\Users\jie\Desktop\Fruit_Tree_Diseases_and_Pests_Expert_System\Expert_System_web\src\assets\icons\svg\edit.svg", "XML", 0, 0, 0, 0, 1, 0, 0, 0, 0, 0, 0, 0, 0, 0, 0, 0, 0, 1
"c:\Users\jie\Desktop\Fruit_Tree_Diseases_and_Pests_Expert_System\Expert_System_web\src\assets\icons\svg\education.svg", "XML", 0, 0, 0, 0, 1, 0, 0, 0, 0, 0, 0, 0, 0, 0, 0, 0, 0, 1
"c:\Users\jie\Desktop\Fruit_Tree_Diseases_and_Pests_Expert_System\Expert_System_web\src\assets\icons\svg\email.svg", "XML", 0, 0, 0, 0, 1, 0, 0, 0, 0, 0, 0, 0, 0, 0, 0, 0, 0, 1
"c:\Users\jie\Desktop\Fruit_Tree_Diseases_and_Pests_Expert_System\Expert_System_web\src\assets\icons\svg\error.svg", "XML", 0, 0, 0, 0, 1, 0, 0, 0, 0, 0, 0, 0, 0, 0, 0, 0, 0, 1
"c:\Users\jie\Desktop\Fruit_Tree_Diseases_and_Pests_Expert_System\Expert_System_web\src\assets\icons\svg\exit-fullscreen.svg", "XML", 0, 0, 0, 0, 1, 0, 0, 0, 0, 0, 0, 0, 0, 0, 0, 0, 0, 1
"c:\Users\jie\Desktop\Fruit_Tree_Diseases_and_Pests_Expert_System\Expert_System_web\src\assets\icons\svg\fullscreen.svg", "XML", 0, 0, 0, 0, 1, 0, 0, 0, 0, 0, 0, 0, 0, 0, 0, 0, 0, 1
"c:\Users\jie\Desktop\Fruit_Tree_Diseases_and_Pests_Expert_System\Expert_System_web\src\assets\icons\svg\fwb.svg", "XML", 0, 0, 0, 0, 1, 0, 0, 0, 0, 0, 0, 0, 0, 0, 0, 0, 0, 1
"c:\Users\jie\Desktop\Fruit_Tree_Diseases_and_Pests_Expert_System\Expert_System_web\src\assets\icons\svg\github.svg", "XML", 0, 0, 0, 0, 1, 0, 0, 0, 0, 0, 0, 0, 0, 0, 0, 0, 0, 1
"c:\Users\jie\Desktop\Fruit_Tree_Diseases_and_Pests_Expert_System\Expert_System_web\src\assets\icons\svg\gonggao.svg", "XML", 0, 0, 0, 0, 1, 0, 0, 0, 0, 0, 0, 0, 0, 0, 0, 0, 0, 1
"c:\Users\jie\Desktop\Fruit_Tree_Diseases_and_Pests_Expert_System\Expert_System_web\src\assets\icons\svg\icon.svg", "XML", 0, 0, 0, 0, 1, 0, 0, 0, 0, 0, 0, 0, 0, 0, 0, 0, 0, 1
"c:\Users\jie\Desktop\Fruit_Tree_Diseases_and_Pests_Expert_System\Expert_System_web\src\assets\icons\svg\image.svg", "XML", 0, 0, 0, 0, 1, 0, 0, 0, 0, 0, 0, 0, 0, 0, 0, 0, 0, 1
"c:\Users\jie\Desktop\Fruit_Tree_Diseases_and_Pests_Expert_System\Expert_System_web\src\assets\icons\svg\index.svg", "XML", 0, 0, 0, 0, 1, 0, 0, 0, 0, 0, 0, 0, 0, 0, 0, 0, 0, 1
"c:\Users\jie\Desktop\Fruit_Tree_Diseases_and_Pests_Expert_System\Expert_System_web\src\assets\icons\svg\international.svg", "XML", 0, 0, 0, 0, 1, 0, 0, 0, 0, 0, 0, 0, 0, 0, 0, 0, 0, 1
"c:\Users\jie\Desktop\Fruit_Tree_Diseases_and_Pests_Expert_System\Expert_System_web\src\assets\icons\svg\ipvisits.svg", "XML", 0, 0, 0, 0, 1, 0, 0, 0, 0, 0, 0, 0, 0, 0, 0, 0, 0, 1
"c:\Users\jie\Desktop\Fruit_Tree_Diseases_and_Pests_Expert_System\Expert_System_web\src\assets\icons\svg\java.svg", "XML", 0, 0, 0, 0, 1, 0, 0, 0, 0, 0, 0, 0, 0, 0, 0, 0, 0, 1
"c:\Users\jie\Desktop\Fruit_Tree_Diseases_and_Pests_Expert_System\Expert_System_web\src\assets\icons\svg\link.svg", "XML", 0, 0, 0, 0, 1, 0, 0, 0, 0, 0, 0, 0, 0, 0, 0, 0, 0, 1
"c:\Users\jie\Desktop\Fruit_Tree_Diseases_and_Pests_Expert_System\Expert_System_web\src\assets\icons\svg\list.svg", "XML", 0, 0, 0, 0, 1, 0, 0, 0, 0, 0, 0, 0, 0, 0, 0, 0, 0, 1
"c:\Users\jie\Desktop\Fruit_Tree_Diseases_and_Pests_Expert_System\Expert_System_web\src\assets\icons\svg\lock.svg", "XML", 0, 0, 0, 0, 1, 0, 0, 0, 0, 0, 0, 0, 0, 0, 0, 0, 0, 1
"c:\Users\jie\Desktop\Fruit_Tree_Diseases_and_Pests_Expert_System\Expert_System_web\src\assets\icons\svg\log.svg", "XML", 0, 0, 0, 0, 1, 0, 0, 0, 0, 0, 0, 0, 0, 0, 0, 0, 0, 1
"c:\Users\jie\Desktop\Fruit_Tree_Diseases_and_Pests_Expert_System\Expert_System_web\src\assets\icons\svg\login.svg", "XML", 0, 0, 0, 0, 1, 0, 0, 0, 0, 0, 0, 0, 0, 0, 0, 0, 0, 1
"c:\Users\jie\Desktop\Fruit_Tree_Diseases_and_Pests_Expert_System\Expert_System_web\src\assets\icons\svg\markdown.svg", "XML", 0, 0, 0, 0, 1, 0, 0, 0, 0, 0, 0, 0, 0, 0, 0, 0, 0, 1
"c:\Users\jie\Desktop\Fruit_Tree_Diseases_and_Pests_Expert_System\Expert_System_web\src\assets\icons\svg\menu.svg", "XML", 0, 0, 0, 0, 1, 0, 0, 0, 0, 0, 0, 0, 0, 0, 0, 0, 0, 1
"c:\Users\jie\Desktop\Fruit_Tree_Diseases_and_Pests_Expert_System\Expert_System_web\src\assets\icons\svg\message.svg", "XML", 0, 0, 0, 0, 1, 0, 0, 0, 0, 0, 0, 0, 0, 0, 0, 0, 0, 1
"c:\Users\jie\Desktop\Fruit_Tree_Diseases_and_Pests_Expert_System\Expert_System_web\src\assets\icons\svg\mnt.svg", "XML", 0, 0, 0, 0, 1, 0, 0, 0, 0, 0, 0, 0, 0, 0, 0, 0, 0, 1
"c:\Users\jie\Desktop\Fruit_Tree_Diseases_and_Pests_Expert_System\Expert_System_web\src\assets\icons\svg\money.svg", "XML", 0, 0, 0, 0, 1, 0, 0, 0, 0, 0, 0, 0, 0, 0, 0, 0, 0, 1
"c:\Users\jie\Desktop\Fruit_Tree_Diseases_and_Pests_Expert_System\Expert_System_web\src\assets\icons\svg\monitor.svg", "XML", 0, 0, 0, 0, 1, 0, 0, 0, 0, 0, 0, 0, 0, 0, 0, 0, 1, 2
"c:\Users\jie\Desktop\Fruit_Tree_Diseases_and_Pests_Expert_System\Expert_System_web\src\assets\icons\svg\nested.svg", "XML", 0, 0, 0, 0, 1, 0, 0, 0, 0, 0, 0, 0, 0, 0, 0, 0, 0, 1
"c:\Users\jie\Desktop\Fruit_Tree_Diseases_and_Pests_Expert_System\Expert_System_web\src\assets\icons\svg\password.svg", "XML", 0, 0, 0, 0, 1, 0, 0, 0, 0, 0, 0, 0, 0, 0, 0, 0, 0, 1
"c:\Users\jie\Desktop\Fruit_Tree_Diseases_and_Pests_Expert_System\Expert_System_web\src\assets\icons\svg\people.svg", "XML", 0, 0, 0, 0, 1, 0, 0, 0, 0, 0, 0, 0, 0, 0, 0, 0, 0, 1
"c:\Users\jie\Desktop\Fruit_Tree_Diseases_and_Pests_Expert_System\Expert_System_web\src\assets\icons\svg\peoples.svg", "XML", 0, 0, 0, 0, 1, 0, 0, 0, 0, 0, 0, 0, 0, 0, 0, 0, 0, 1
"c:\Users\jie\Desktop\Fruit_Tree_Diseases_and_Pests_Expert_System\Expert_System_web\src\assets\icons\svg\permission.svg", "XML", 0, 0, 0, 0, 1, 0, 0, 0, 0, 0, 0, 0, 0, 0, 0, 0, 0, 1
"c:\Users\jie\Desktop\Fruit_Tree_Diseases_and_Pests_Expert_System\Expert_System_web\src\assets\icons\svg\phone.svg", "XML", 0, 0, 0, 0, 1, 0, 0, 0, 0, 0, 0, 0, 0, 0, 0, 0, 0, 1
"c:\Users\jie\Desktop\Fruit_Tree_Diseases_and_Pests_Expert_System\Expert_System_web\src\assets\icons\svg\qiniu.svg", "XML", 0, 0, 0, 0, 1, 0, 0, 0, 0, 0, 0, 0, 0, 0, 0, 0, 0, 1
"c:\Users\jie\Desktop\Fruit_Tree_Diseases_and_Pests_Expert_System\Expert_System_web\src\assets\icons\svg\redis.svg", "XML", 0, 0, 0, 0, 1, 0, 0, 0, 0, 0, 0, 0, 0, 0, 0, 0, 0, 1
"c:\Users\jie\Desktop\Fruit_Tree_Diseases_and_Pests_Expert_System\Expert_System_web\src\assets\icons\svg\role.svg", "XML", 0, 0, 0, 0, 1, 0, 0, 0, 0, 0, 0, 0, 0, 0, 0, 0, 0, 1
"c:\Users\jie\Desktop\Fruit_Tree_Diseases_and_Pests_Expert_System\Expert_System_web\src\assets\icons\svg\search.svg", "XML", 0, 0, 0, 0, 1, 0, 0, 0, 0, 0, 0, 0, 0, 0, 0, 0, 0, 1
"c:\Users\jie\Desktop\Fruit_Tree_Diseases_and_Pests_Expert_System\Expert_System_web\src\assets\icons\svg\server.svg", "XML", 0, 0, 0, 0, 1, 0, 0, 0, 0, 0, 0, 0, 0, 0, 0, 0, 0, 1
"c:\Users\jie\Desktop\Fruit_Tree_Diseases_and_Pests_Expert_System\Expert_System_web\src\assets\icons\svg\shopping.svg", "XML", 0, 0, 0, 0, 1, 0, 0, 0, 0, 0, 0, 0, 0, 0, 0, 0, 0, 1
"c:\Users\jie\Desktop\Fruit_Tree_Diseases_and_Pests_Expert_System\Expert_System_web\src\assets\icons\svg\size.svg", "XML", 0, 0, 0, 0, 1, 0, 0, 0, 0, 0, 0, 0, 0, 0, 0, 0, 0, 1
"c:\Users\jie\Desktop\Fruit_Tree_Diseases_and_Pests_Expert_System\Expert_System_web\src\assets\icons\svg\skill.svg", "XML", 0, 0, 0, 0, 1, 0, 0, 0, 0, 0, 0, 0, 0, 0, 0, 0, 0, 1
"c:\Users\jie\Desktop\Fruit_Tree_Diseases_and_Pests_Expert_System\Expert_System_web\src\assets\icons\svg\source.svg", "XML", 0, 0, 0, 0, 1, 0, 0, 0, 0, 0, 0, 0, 0, 0, 0, 0, 0, 1
"c:\Users\jie\Desktop\Fruit_Tree_Diseases_and_Pests_Expert_System\Expert_System_web\src\assets\icons\svg\sqlMonitor.svg", "XML", 0, 0, 0, 0, 1, 0, 0, 0, 0, 0, 0, 0, 0, 0, 0, 0, 0, 1
"c:\Users\jie\Desktop\Fruit_Tree_Diseases_and_Pests_Expert_System\Expert_System_web\src\assets\icons\svg\swagger.svg", "XML", 0, 0, 0, 0, 1, 0, 0, 0, 0, 0, 0, 0, 0, 0, 0, 0, 0, 1
"c:\Users\jie\Desktop\Fruit_Tree_Diseases_and_Pests_Expert_System\Expert_System_web\src\assets\icons\svg\sys-tools.svg", "XML", 0, 0, 0, 0, 1, 0, 0, 0, 0, 0, 0, 0, 0, 0, 0, 0, 0, 1
"c:\Users\jie\Desktop\Fruit_Tree_Diseases_and_Pests_Expert_System\Expert_System_web\src\assets\icons\svg\system.svg", "XML", 0, 0, 0, 0, 1, 0, 0, 0, 0, 0, 0, 0, 0, 0, 0, 0, 1, 2
"c:\Users\jie\Desktop\Fruit_Tree_Diseases_and_Pests_Expert_System\Expert_System_web\src\assets\icons\svg\system1.svg", "XML", 0, 0, 0, 0, 1, 0, 0, 0, 0, 0, 0, 0, 0, 0, 0, 0, 0, 1
"c:\Users\jie\Desktop\Fruit_Tree_Diseases_and_Pests_Expert_System\Expert_System_web\src\assets\icons\svg\tab.svg", "XML", 0, 0, 0, 0, 1, 0, 0, 0, 0, 0, 0, 0, 0, 0, 0, 0, 0, 1
"c:\Users\jie\Desktop\Fruit_Tree_Diseases_and_Pests_Expert_System\Expert_System_web\src\assets\icons\svg\theme.svg", "XML", 0, 0, 0, 0, 1, 0, 0, 0, 0, 0, 0, 0, 0, 0, 0, 0, 0, 1
"c:\Users\jie\Desktop\Fruit_Tree_Diseases_and_Pests_Expert_System\Expert_System_web\src\assets\icons\svg\timing.svg", "XML", 0, 0, 0, 0, 1, 0, 0, 0, 0, 0, 0, 0, 0, 0, 0, 0, 0, 1
"c:\Users\jie\Desktop\Fruit_Tree_Diseases_and_Pests_Expert_System\Expert_System_web\src\assets\icons\svg\tools.svg", "XML", 0, 0, 0, 0, 1, 0, 0, 0, 0, 0, 0, 0, 0, 0, 0, 0, 0, 1
"c:\Users\jie\Desktop\Fruit_Tree_Diseases_and_Pests_Expert_System\Expert_System_web\src\assets\icons\svg\tree-table.svg", "XML", 0, 0, 0, 0, 1, 0, 0, 0, 0, 0, 0, 0, 0, 0, 0, 0, 0, 1
"c:\Users\jie\Desktop\Fruit_Tree_Diseases_and_Pests_Expert_System\Expert_System_web\src\assets\icons\svg\tree.svg", "XML", 0, 0, 0, 0, 1, 0, 0, 0, 0, 0, 0, 0, 0, 0, 0, 0, 0, 1
"c:\Users\jie\Desktop\Fruit_Tree_Diseases_and_Pests_Expert_System\Expert_System_web\src\assets\icons\svg\unlock.svg", "XML", 0, 0, 0, 0, 1, 0, 0, 0, 0, 0, 0, 0, 0, 0, 0, 0, 0, 1
"c:\Users\jie\Desktop\Fruit_Tree_Diseases_and_Pests_Expert_System\Expert_System_web\src\assets\icons\svg\user.svg", "XML", 0, 0, 0, 0, 1, 0, 0, 0, 0, 0, 0, 0, 0, 0, 0, 0, 0, 1
"c:\Users\jie\Desktop\Fruit_Tree_Diseases_and_Pests_Expert_System\Expert_System_web\src\assets\icons\svg\user1.svg", "XML", 0, 0, 0, 0, 1, 0, 0, 0, 0, 0, 0, 0, 0, 0, 0, 0, 0, 1
"c:\Users\jie\Desktop\Fruit_Tree_Diseases_and_Pests_Expert_System\Expert_System_web\src\assets\icons\svg\validCode.svg", "XML", 0, 0, 0, 0, 1, 0, 0, 0, 0, 0, 0, 0, 0, 0, 0, 0, 0, 1
"c:\Users\jie\Desktop\Fruit_Tree_Diseases_and_Pests_Expert_System\Expert_System_web\src\assets\icons\svg\visits.svg", "XML", 0, 0, 0, 0, 1, 0, 0, 0, 0, 0, 0, 0, 0, 0, 0, 0, 0, 1
"c:\Users\jie\Desktop\Fruit_Tree_Diseases_and_Pests_Expert_System\Expert_System_web\src\assets\icons\svg\web.svg", "XML", 0, 0, 0, 0, 1, 0, 0, 0, 0, 0, 0, 0, 0, 0, 0, 0, 0, 1
"c:\Users\jie\Desktop\Fruit_Tree_Diseases_and_Pests_Expert_System\Expert_System_web\src\assets\icons\svg\wechat.svg", "XML", 0, 0, 0, 0, 1, 0, 0, 0, 0, 0, 0, 0, 0, 0, 0, 0, 0, 1
"c:\Users\jie\Desktop\Fruit_Tree_Diseases_and_Pests_Expert_System\Expert_System_web\src\assets\icons\svg\weixin.svg", "XML", 0, 0, 0, 0, 1, 0, 0, 0, 0, 0, 0, 0, 0, 0, 0, 0, 0, 1
"c:\Users\jie\Desktop\Fruit_Tree_Diseases_and_Pests_Expert_System\Expert_System_web\src\assets\icons\svg\zujian.svg", "XML", 0, 0, 0, 0, 1, 0, 0, 0, 0, 0, 0, 0, 0, 0, 0, 0, 0, 1
"c:\Users\jie\Desktop\Fruit_Tree_Diseases_and_Pests_Expert_System\Expert_System_web\src\assets\icons\svgo.yml", "YAML", 0, 0, 0, 0, 0, 0, 0, 5, 0, 0, 0, 0, 0, 0, 0, 13, 5, 23
"c:\Users\jie\Desktop\Fruit_Tree_Diseases_and_Pests_Expert_System\Expert_System_web\src\assets\officalAccount\audio.svg", "XML", 0, 0, 0, 0, 1, 0, 0, 0, 0, 0, 0, 0, 0, 0, 0, 0, 0, 1
"c:\Users\jie\Desktop\Fruit_Tree_Diseases_and_Pests_Expert_System\Expert_System_web\src\assets\officalAccount\audio_selected.svg", "XML", 0, 0, 0, 0, 1, 0, 0, 0, 0, 0, 0, 0, 0, 0, 0, 0, 0, 1
"c:\Users\jie\Desktop\Fruit_Tree_Diseases_and_Pests_Expert_System\Expert_System_web\src\assets\officalAccount\emoji.js", "JavaScript", 0, 116, 0, 0, 0, 0, 0, 0, 0, 0, 0, 0, 0, 0, 0, 0, 1, 117
"c:\Users\jie\Desktop\Fruit_Tree_Diseases_and_Pests_Expert_System\Expert_System_web\src\assets\officalAccount\pic.svg", "XML", 0, 0, 0, 0, 1, 0, 0, 0, 0, 0, 0, 0, 0, 0, 0, 0, 0, 1
"c:\Users\jie\Desktop\Fruit_Tree_Diseases_and_Pests_Expert_System\Expert_System_web\src\assets\officalAccount\pic_info.svg", "XML", 0, 0, 0, 0, 1, 0, 0, 0, 0, 0, 0, 0, 0, 0, 0, 0, 0, 1
"c:\Users\jie\Desktop\Fruit_Tree_Diseases_and_Pests_Expert_System\Expert_System_web\src\assets\officalAccount\pic_info_selected.svg", "XML", 0, 0, 0, 0, 1, 0, 0, 0, 0, 0, 0, 0, 0, 0, 0, 0, 0, 1
"c:\Users\jie\Desktop\Fruit_Tree_Diseases_and_Pests_Expert_System\Expert_System_web\src\assets\officalAccount\pic_selected.svg", "XML", 0, 0, 0, 0, 1, 0, 0, 0, 0, 0, 0, 0, 0, 0, 0, 0, 0, 1
"c:\Users\jie\Desktop\Fruit_Tree_Diseases_and_Pests_Expert_System\Expert_System_web\src\assets\officalAccount\video.svg", "XML", 0, 0, 0, 0, 1, 0, 0, 0, 0, 0, 0, 0, 0, 0, 0, 0, 0, 1
"c:\Users\jie\Desktop\Fruit_Tree_Diseases_and_Pests_Expert_System\Expert_System_web\src\assets\officalAccount\video_selected.svg", "XML", 0, 0, 0, 0, 1, 0, 0, 0, 0, 0, 0, 0, 0, 0, 0, 0, 0, 1
"c:\Users\jie\Desktop\Fruit_Tree_Diseases_and_Pests_Expert_System\Expert_System_web\src\assets\officalAccount\words.svg", "XML", 0, 0, 0, 0, 1, 0, 0, 0, 0, 0, 0, 0, 0, 0, 0, 0, 0, 1
"c:\Users\jie\Desktop\Fruit_Tree_Diseases_and_Pests_Expert_System\Expert_System_web\src\assets\officalAccount\words_selected.svg", "XML", 0, 0, 0, 0, 1, 0, 0, 0, 0, 0, 0, 0, 0, 0, 0, 0, 0, 1
"c:\Users\jie\Desktop\Fruit_Tree_Diseases_and_Pests_Expert_System\Expert_System_web\src\assets\styles\btn.scss", "SCSS", 0, 0, 0, 0, 0, 0, 0, 0, 83, 0, 0, 0, 0, 0, 0, 0, 17, 100
"c:\Users\jie\Desktop\Fruit_Tree_Diseases_and_Pests_Expert_System\Expert_System_web\src\assets\styles\eladmin.scss", "SCSS", 0, 0, 0, 0, 0, 0, 0, 0, 112, 0, 0, 0, 0, 0, 0, 1, 5, 118
"c:\Users\jie\Desktop\Fruit_Tree_Diseases_and_Pests_Expert_System\Expert_System_web\src\assets\styles\element-ui.scss", "SCSS", 0, 0, 0, 0, 0, 0, 0, 0, 61, 0, 0, 0, 0, 0, 0, 5, 14, 80
"c:\Users\jie\Desktop\Fruit_Tree_Diseases_and_Pests_Expert_System\Expert_System_web\src\assets\styles\element-variables.scss", "SCSS", 0, 0, 0, 0, 0, 0, 0, 0, 13, 0, 0, 0, 0, 0, 0, 10, 9, 32
"c:\Users\jie\Desktop\Fruit_Tree_Diseases_and_Pests_Expert_System\Expert_System_web\src\assets\styles\index.scss", "SCSS", 0, 0, 0, 0, 0, 0, 0, 0, 147, 0, 0, 0, 0, 0, 0, 2, 34, 183
"c:\Users\jie\Desktop\Fruit_Tree_Diseases_and_Pests_Expert_System\Expert_System_web\src\assets\styles\mixin.scss", "SCSS", 0, 0, 0, 0, 0, 0, 0, 0, 56, 0, 0, 0, 0, 0, 0, 0, 11, 67
"c:\Users\jie\Desktop\Fruit_Tree_Diseases_and_Pests_Expert_System\Expert_System_web\src\assets\styles\sidebar.scss", "SCSS", 0, 0, 0, 0, 0, 0, 0, 0, 166, 0, 0, 0, 0, 0, 0, 6, 38, 210
"c:\Users\jie\Desktop\Fruit_Tree_Diseases_and_Pests_Expert_System\Expert_System_web\src\assets\styles\transition.scss", "SCSS", 0, 0, 0, 0, 0, 0, 0, 0, 35, 0, 0, 0, 0, 0, 0, 4, 10, 49
"c:\Users\jie\Desktop\Fruit_Tree_Diseases_and_Pests_Expert_System\Expert_System_web\src\assets\styles\variables.scss", "SCSS", 0, 0, 0, 0, 0, 0, 0, 0, 26, 0, 0, 0, 0, 0, 0, 4, 6, 36
"c:\Users\jie\Desktop\Fruit_Tree_Diseases_and_Pests_Expert_System\Expert_System_web\src\components\Crud\crud.js", "JavaScript", 0, 670, 0, 0, 0, 0, 0, 0, 0, 0, 0, 0, 0, 0, 0, 186, 15, 871
"c:\Users\jie\Desktop\Fruit_Tree_Diseases_and_Pests_Expert_System\Expert_System_web\src\components\IconSelect\requireIcons.js", "JavaScript", 0, 7, 0, 0, 0, 0, 0, 0, 0, 0, 0, 0, 0, 0, 0, 0, 5, 12
"c:\Users\jie\Desktop\Fruit_Tree_Diseases_and_Pests_Expert_System\Expert_System_web\src\components\Permission\index.js", "JavaScript", 0, 10, 0, 0, 0, 0, 0, 0, 0, 0, 0, 0, 0, 0, 0, 0, 4, 14
"c:\Users\jie\Desktop\Fruit_Tree_Diseases_and_Pests_Expert_System\Expert_System_web\src\components\Permission\permission.js", "JavaScript", 0, 18, 0, 0, 0, 0, 0, 0, 0, 0, 0, 0, 0, 0, 0, 0, 4, 22
"c:\Users\jie\Desktop\Fruit_Tree_Diseases_and_Pests_Expert_System\Expert_System_web\src\layout\components\Sidebar\FixiOSBug.js", "JavaScript", 0, 24, 0, 0, 0, 0, 0, 0, 0, 0, 0, 0, 0, 0, 0, 2, 1, 27
"c:\Users\jie\Desktop\Fruit_Tree_Diseases_and_Pests_Expert_System\Expert_System_web\src\layout\components\index.js", "JavaScript", 0, 5, 0, 0, 0, 0, 0, 0, 0, 0, 0, 0, 0, 0, 0, 0, 1, 6
"c:\Users\jie\Desktop\Fruit_Tree_Diseases_and_Pests_Expert_System\Expert_System_web\src\layout\mixin\ResizeHandler.js", "JavaScript", 0, 40, 0, 0, 0, 0, 0, 0, 0, 0, 0, 0, 0, 0, 0, 2, 4, 46
"c:\Users\jie\Desktop\Fruit_Tree_Diseases_and_Pests_Expert_System\Expert_System_web\src\main.js", "JavaScript", 0, 26, 0, 0, 0, 0, 0, 0, 0, 0, 0, 0, 0, 0, 0, 3, 11, 40
"c:\Users\jie\Desktop\Fruit_Tree_Diseases_and_Pests_Expert_System\Expert_System_web\src\mixins\crud.js", "JavaScript", 0, 257, 0, 0, 0, 0, 0, 0, 0, 0, 0, 0, 0, 0, 0, 80, 2, 339
"c:\Users\jie\Desktop\Fruit_Tree_Diseases_and_Pests_Expert_System\Expert_System_web\src\router\index.js", "JavaScript", 0, 60, 0, 0, 0, 0, 0, 0, 0, 0, 0, 0, 0, 0, 0, 5, 6, 71
"c:\Users\jie\Desktop\Fruit_Tree_Diseases_and_Pests_Expert_System\Expert_System_web\src\router\routers.js", "JavaScript", 0, 64, 0, 0, 0, 0, 0, 0, 0, 0, 0, 0, 0, 0, 0, 1, 4, 69
"c:\Users\jie\Desktop\Fruit_Tree_Diseases_and_Pests_Expert_System\Expert_System_web\src\settings.js", "JavaScript", 0, 15, 0, 0, 0, 0, 0, 0, 0, 0, 0, 0, 0, 0, 0, 36, 1, 52
"c:\Users\jie\Desktop\Fruit_Tree_Diseases_and_Pests_Expert_System\Expert_System_web\src\store\getters.js", "JavaScript", 0, 24, 0, 0, 0, 0, 0, 0, 0, 0, 0, 0, 0, 0, 0, 0, 1, 25
"c:\Users\jie\Desktop\Fruit_Tree_Diseases_and_Pests_Expert_System\Expert_System_web\src\store\index.js", "JavaScript", 0, 16, 0, 0, 0, 0, 0, 0, 0, 0, 0, 0, 0, 0, 0, 4, 6, 26
"c:\Users\jie\Desktop\Fruit_Tree_Diseases_and_Pests_Expert_System\Expert_System_web\src\store\modules\api.js", "JavaScript", 0, 16, 0, 0, 0, 0, 0, 0, 0, 0, 0, 0, 0, 0, 0, 10, 2, 28
"c:\Users\jie\Desktop\Fruit_Tree_Diseases_and_Pests_Expert_System\Expert_System_web\src\store\modules\app.js", "JavaScript", 0, 52, 0, 0, 0, 0, 0, 0, 0, 0, 0, 0, 0, 0, 0, 0, 5, 57
"c:\Users\jie\Desktop\Fruit_Tree_Diseases_and_Pests_Expert_System\Expert_System_web\src\store\modules\permission.js", "JavaScript", 0, 39, 0, 0, 0, 0, 0, 0, 0, 0, 0, 0, 0, 0, 0, 0, 5, 44
"c:\Users\jie\Desktop\Fruit_Tree_Diseases_and_Pests_Expert_System\Expert_System_web\src\store\modules\settings.js", "JavaScript", 0, 32, 0, 0, 0, 0, 0, 0, 0, 0, 0, 0, 0, 0, 0, 0, 6, 38
"c:\Users\jie\Desktop\Fruit_Tree_Diseases_and_Pests_Expert_System\Expert_System_web\src\store\modules\tagsView.js", "JavaScript", 0, 153, 0, 0, 0, 0, 0, 0, 0, 0, 0, 0, 0, 0, 0, 1, 12, 166
"c:\Users\jie\Desktop\Fruit_Tree_Diseases_and_Pests_Expert_System\Expert_System_web\src\store\modules\user.js", "JavaScript", 0, 80, 0, 0, 0, 0, 0, 0, 0, 0, 0, 0, 0, 0, 0, 6, 9, 95
"c:\Users\jie\Desktop\Fruit_Tree_Diseases_and_Pests_Expert_System\Expert_System_web\src\utils\auth.js", "JavaScript", 0, 15, 0, 0, 0, 0, 0, 0, 0, 0, 0, 0, 0, 0, 0, 0, 5, 20
"c:\Users\jie\Desktop\Fruit_Tree_Diseases_and_Pests_Expert_System\Expert_System_web\src\utils\datetime.js", "JavaScript", 0, 178, 0, 0, 0, 0, 0, 0, 0, 0, 0, 0, 0, 0, 0, 5, 34, 217
"c:\Users\jie\Desktop\Fruit_Tree_Diseases_and_Pests_Expert_System\Expert_System_web\src\utils\get-page-title.js", "JavaScript", 0, 8, 0, 0, 0, 0, 0, 0, 0, 0, 0, 0, 0, 0, 0, 0, 3, 11
"c:\Users\jie\Desktop\Fruit_Tree_Diseases_and_Pests_Expert_System\Expert_System_web\src\utils\index.js", "JavaScript", 0, 263, 0, 0, 0, 0, 0, 0, 0, 0, 0, 0, 0, 0, 0, 98, 28, 389
"c:\Users\jie\Desktop\Fruit_Tree_Diseases_and_Pests_Expert_System\Expert_System_web\src\utils\open-window.js", "JavaScript", 0, 12, 0, 0, 0, 0, 0, 0, 0, 0, 0, 0, 0, 0, 0, 9, 5, 26
"c:\Users\jie\Desktop\Fruit_Tree_Diseases_and_Pests_Expert_System\Expert_System_web\src\utils\permission.js", "JavaScript", 0, 17, 0, 0, 0, 0, 0, 0, 0, 0, 0, 0, 0, 0, 0, 5, 4, 26
"c:\Users\jie\Desktop\Fruit_Tree_Diseases_and_Pests_Expert_System\Expert_System_web\src\utils\request.js", "JavaScript", 0, 84, 0, 0, 0, 0, 0, 0, 0, 0, 0, 0, 0, 0, 0, 6, 4, 94
"c:\Users\jie\Desktop\Fruit_Tree_Diseases_and_Pests_Expert_System\Expert_System_web\src\utils\rsaEncrypt.js", "JavaScript", 0, 21, 0, 0, 0, 0, 0, 0, 0, 0, 0, 0, 0, 0, 0, 3, 7, 31
"c:\Users\jie\Desktop\Fruit_Tree_Diseases_and_Pests_Expert_System\Expert_System_web\src\utils\shortcuts.js", "JavaScript", 0, 93, 0, 0, 0, 0, 0, 0, 0, 0, 0, 0, 0, 0, 0, 0, 4, 97
"c:\Users\jie\Desktop\Fruit_Tree_Diseases_and_Pests_Expert_System\Expert_System_web\src\utils\upload.js", "JavaScript", 0, 10, 0, 0, 0, 0, 0, 0, 0, 0, 0, 0, 0, 0, 0, 0, 2, 12
"c:\Users\jie\Desktop\Fruit_Tree_Diseases_and_Pests_Expert_System\Expert_System_web\src\utils\validate.js", "JavaScript", 0, 103, 0, 0, 0, 0, 0, 0, 0, 0, 0, 0, 0, 0, 0, 49, 17, 169
"c:\Users\jie\Desktop\Fruit_Tree_Diseases_and_Pests_Expert_System\Expert_System_web\vue.config.js", "JavaScript", 0, 114, 0, 0, 0, 0, 0, 0, 0, 0, 0, 0, 0, 0, 0, 10, 8, 132
"c:\Users\jie\Desktop\Fruit_Tree_Diseases_and_Pests_Expert_System\py\predict.py", "Python", 0, 0, 121, 0, 0, 0, 0, 0, 0, 0, 0, 0, 0, 0, 0, 32, 17, 170
"c:\Users\jie\Desktop\Fruit_Tree_Diseases_and_Pests_Expert_System\py\train\changePictureNumber.py", "Python", 0, 0, 24, 0, 0, 0, 0, 0, 0, 0, 0, 0, 0, 0, 0, 3, 3, 30
"c:\Users\jie\Desktop\Fruit_Tree_Diseases_and_Pests_Expert_System\py\train\trainModel.py", "Python", 0, 0, 114, 0, 0, 0, 0, 0, 0, 0, 0, 0, 0, 0, 0, 5, 43, 162
"c:\Users\jie\Desktop\Fruit_Tree_Diseases_and_Pests_Expert_System\web\css\XQ.css", "CSS", 0, 0, 0, 17, 0, 0, 0, 0, 0, 0, 0, 0, 0, 0, 0, 2, 4, 23
"c:\Users\jie\Desktop\Fruit_Tree_Diseases_and_Pests_Expert_System\web\css\XQ_1.css", "CSS", 0, 0, 0, 17, 0, 0, 0, 0, 0, 0, 0, 0, 0, 0, 0, 2, 4, 23
"c:\Users\jie\Desktop\Fruit_Tree_Diseases_and_Pests_Expert_System\web\css\bootstrap.min.css", "CSS", 0, 0, 0, 1, 0, 0, 0, 0, 0, 0, 0, 0, 0, 0, 0, 5, 0, 6
"c:\Users\jie\Desktop\Fruit_Tree_Diseases_and_Pests_Expert_System\web\css\iconfont.css", "CSS", 0, 0, 0, 136, 0, 0, 0, 0, 0, 0, 0, 0, 0, 0, 0, 0, 127, 263
"c:\Users\jie\Desktop\Fruit_Tree_Diseases_and_Pests_Expert_System\web\css\index4.css", "CSS", 0, 0, 0, 15, 0, 0, 0, 0, 0, 0, 0, 0, 0, 0, 0, 3, 4, 22
"c:\Users\jie\Desktop\Fruit_Tree_Diseases_and_Pests_Expert_System\web\css\jquery.mobile-1.4.5.min.css", "CSS", 0, 0, 0, 1, 0, 0, 0, 0, 0, 0, 0, 0, 0, 0, 0, 1, 1, 3
"c:\Users\jie\Desktop\Fruit_Tree_Diseases_and_Pests_Expert_System\web\css\mui.min.css", "CSS", 0, 0, 0, 5, 0, 0, 0, 0, 0, 0, 0, 0, 0, 0, 0, 0, 0, 5
"c:\Users\jie\Desktop\Fruit_Tree_Diseases_and_Pests_Expert_System\web\css\style.css", "CSS", 0, 0, 0, 17, 0, 0, 0, 0, 0, 0, 0, 0, 0, 0, 0, 1, 8, 26
"c:\Users\jie\Desktop\Fruit_Tree_Diseases_and_Pests_Expert_System\web\desease.html", "HTML", 34, 0, 0, 0, 0, 0, 0, 0, 0, 0, 0, 0, 0, 0, 0, 0, 0, 34
"c:\Users\jie\Desktop\Fruit_Tree_Diseases_and_Pests_Expert_System\web\fonts\glyphicons-halflings-regular.svg", "XML", 0, 0, 0, 0, 288, 0, 0, 0, 0, 0, 0, 0, 0, 0, 0, 0, 0, 288
"c:\Users\jie\Desktop\Fruit_Tree_Diseases_and_Pests_Expert_System\web\illness.html", "HTML", 31, 0, 0, 0, 0, 0, 0, 0, 0, 0, 0, 0, 0, 0, 0, 0, 6, 37
"c:\Users\jie\Desktop\Fruit_Tree_Diseases_and_Pests_Expert_System\web\index.html", "HTML", 36, 0, 0, 0, 0, 0, 0, 0, 0, 0, 0, 0, 0, 0, 0, 0, 4, 40
"c:\Users\jie\Desktop\Fruit_Tree_Diseases_and_Pests_Expert_System\web\index4.html", "HTML", 61, 0, 0, 0, 0, 0, 0, 0, 0, 0, 0, 0, 0, 0, 0, 0, 2, 63
"c:\Users\jie\Desktop\Fruit_Tree_Diseases_and_Pests_Expert_System\web\js\XQ_Illness.js", "JavaScript", 0, 75, 0, 0, 0, 0, 0, 0, 0, 0, 0, 0, 0, 0, 0, 4, 9, 88
"c:\Users\jie\Desktop\Fruit_Tree_Diseases_and_Pests_Expert_System\web\js\XQ_Record.js", "JavaScript", 0, 174, 0, 0, 0, 0, 0, 0, 0, 0, 0, 0, 0, 0, 0, 1, 6, 181
"c:\Users\jie\Desktop\Fruit_Tree_Diseases_and_Pests_Expert_System\web\js\XQ_Tree.js", "JavaScript", 0, 126, 0, 0, 0, 0, 0, 0, 0, 0, 0, 0, 0, 0, 0, 1, 6, 133
"c:\Users\jie\Desktop\Fruit_Tree_Diseases_and_Pests_Expert_System\web\js\bootstrap.min.js", "JavaScript", 0, 1, 0, 0, 0, 0, 0, 0, 0, 0, 0, 0, 0, 0, 0, 5, 0, 6
"c:\Users\jie\Desktop\Fruit_Tree_Diseases_and_Pests_Expert_System\web\js\desease.js", "JavaScript", 0, 43, 0, 0, 0, 0, 0, 0, 0, 0, 0, 0, 0, 0, 0, 8, 8, 59
"c:\Users\jie\Desktop\Fruit_Tree_Diseases_and_Pests_Expert_System\web\js\index.js", "JavaScript", 0, 43, 0, 0, 0, 0, 0, 0, 0, 0, 0, 0, 0, 0, 0, 3, 7, 53
"c:\Users\jie\Desktop\Fruit_Tree_Diseases_and_Pests_Expert_System\web\js\index4.js", "JavaScript", 0, 201, 0, 0, 0, 0, 0, 0, 0, 0, 0, 0, 0, 0, 0, 24, 19, 244
"c:\Users\jie\Desktop\Fruit_Tree_Diseases_and_Pests_Expert_System\web\js\jquery-1.6.2.min.js", "JavaScript", 0, 3, 0, 0, 0, 0, 0, 0, 0, 0, 0, 0, 0, 0, 0, 15, 0, 18
"c:\Users\jie\Desktop\Fruit_Tree_Diseases_and_Pests_Expert_System\web\js\jquery-3.5.1.min.js", "JavaScript", 0, 1, 0, 0, 0, 0, 0, 0, 0, 0, 0, 0, 0, 0, 0, 1, 1, 3
"c:\Users\jie\Desktop\Fruit_Tree_Diseases_and_Pests_Expert_System\web\js\jquery.min.js", "JavaScript", 0, 3, 0, 0, 0, 0, 0, 0, 0, 0, 0, 0, 0, 0, 0, 1, 2, 6
"c:\Users\jie\Desktop\Fruit_Tree_Diseases_and_Pests_Expert_System\web\js\jquery.mobile-1.4.5.min.js", "JavaScript", 0, 1, 0, 0, 0, 0, 0, 0, 0, 0, 0, 0, 0, 0, 0, 8, 1, 10
"c:\Users\jie\Desktop\Fruit_Tree_Diseases_and_Pests_Expert_System\web\js\mui.min.js", "JavaScript", 0, 4, 0, 0, 0, 0, 0, 0, 0, 0, 0, 0, 0, 0, 0, 5, 0, 9
"c:\Users\jie\Desktop\Fruit_Tree_Diseases_and_Pests_Expert_System\web\record.html", "HTML", 31, 0, 0, 0, 0, 0, 0, 0, 0, 0, 0, 0, 0, 0, 0, 0, 1, 32
"c:\Users\jie\Desktop\Fruit_Tree_Diseases_and_Pests_Expert_System\web\tree.html", "HTML", 31, 0, 0, 0, 0, 0, 0, 0, 0, 0, 0, 0, 0, 0, 0, 0, 6, 37
"Total", "-", 238, 3988, 259, 209, 1054, 235, 96, 320, 699, 34, 618, 8, 9910, 112, 25, 6785, 3337, 27927